{
  "swagger": "2.0",
  "info": {
    "description": "AccuWeather Current Conditions OpenAPI Definition for Nintex Workflow Cloud",
    "version": "1.0.0",
    "title": "AccuWeather Current Conditions",
    "contact": {
      "email": "vadim.tabakman@nintex.com"
    }
  },
  "host": "dataservice.accuweather.com",
  "basePath": "/currentconditions/v1",
  "schemes": [
    "https",
    "http"
  ],
  "paths": {
    "/{locationKey}": {
      "get": {
        "summary": "Current Conditions",
        "description": "Returns current conditions data for a specific location. Current conditions searches require a location key. Please use the Locations API to obtain the location key for your desired location. By default, a truncated version of the current conditions data is returned. The full object can be obtained by passing \"details=true\" into the url string.",
        "operationId": "current_conditions",
        "produces": [
          "application/json"
        ],
        "parameters": [
          {
            "in": "path",
            "name": "locationKey",
            "x-ntx-summary": "Location Key",
            "description": "Unique ID used to search within a specific country",
            "type": "string",
            "required": true
          },
          {
            "in": "query",
            "name": "language",
            "x-ntx-summary": "Language",
            "description": "Language",
            "type": "string",
            "required": false
          },
          {
            "in": "query",
            "name": "details",
            "x-ntx-summary": "Details",
            "description": "Boolean value specifies whether or not to include full details in the response.",
            "type": "boolean",
            "required": false
          }
        ],
        "responses": {
          "200": {
            "description": "successful operation",
            "schema": {
              "type": "object",
              "x-ntx-summary": "Result"
            }
          },
          "400": {
            "description": "Invalid status value"
          }
        },
        "security": [
          {
            "accuweather_api_key": []
          }
        ]
      }
    },
    "/topcities/{group}": {
      "get": {
        "summary": "Current Conditions for Top Cities",
        "description": "Returns current conditions data for the top 50, 100, or 150 cities worldwide, based on rank.",
        "operationId": "current_condition_for_top_cities",
        "produces": [
          "application/json"
        ],
        "parameters": [
          {
            "in": "path",
            "name": "group",
            "x-ntx-summary": "Group",
            "description": "Group size, indicating how many cities (50, 100 or 150)",
            "type": "string",
            "required": true
          },
          {
            "in": "query",
            "name": "language",
            "x-ntx-summary": "Language",
            "description": "Language",
            "type": "string",
            "required": false
          }
        ],
        "responses": {
          "200": {
            "description": "successful operation",
            "schema": {
              "type": "object",
              "x-ntx-summary": "Result"
            }
          },
          "400": {
            "description": "Invalid status value"
          }
        },
        "security": [
          {
            "accuweather_api_key": []
          }
        ]
      }
    },
    "/{locationKey}/historical/24": {
      "get": {
        "summary": "Historical Current Conditions (24h)",
        "description": "Returns historical current conditions data for a specific location. Current conditions searches require a location key. Please use the Locations API to obtain the location key for your desired location. By default, a truncated version of the current conditions data is returned. The full object can be obtained by passing \"details=true\" into the url string.",
        "operationId": "historical_current_conditions_24",
        "produces": [
          "application/json"
        ],
        "parameters": [
          {
            "in": "path",
            "name": "locationKey",
            "x-ntx-summary": "Location Key",
            "description": "Unique ID used to search within a specific country",
            "type": "string",
            "required": true
          },
          {
            "in": "query",
            "name": "language",
            "x-ntx-summary": "Language",
            "description": "Language",
            "type": "string",
            "required": false
          },
          {
            "in": "query",
            "name": "details",
            "x-ntx-summary": "Details",
            "description": "Boolean value specifies whether or not to include full details in the response.",
            "type": "boolean",
            "required": false
          }
        ],
        "responses": {
          "200": {
            "description": "successful operation",
            "schema": {
              "type": "object",
              "x-ntx-summary": "Result"
            }
          },
          "400": {
            "description": "Invalid status value"
          }
        },
        "security": [
          {
            "accuweather_api_key": []
          }
        ]
      }
    },
    "/{locationKey}/historical": {
      "get": {
        "summary": "Historical Current Conditions (6h)",
        "description": "Returns historical current conditions data for a specific location. Current conditions searches require a location key. Please use the Locations API to obtain the location key for your desired location. By default, a truncated version of the current conditions data is returned. The full object can be obtained by passing \"details=true\" into the url string.",
        "operationId": "historical_current_conditions_6h",
        "produces": [
          "application/json"
        ],
        "parameters": [
          {
            "in": "path",
            "name": "locationKey",
            "x-ntx-summary": "Location Key",
            "description": "Unique ID used to search within a specific country",
            "type": "string",
            "required": true
          },
          {
            "in": "query",
            "name": "language",
            "x-ntx-summary": "Language",
            "description": "Language",
            "type": "string",
            "required": false
          },
          {
            "in": "query",
            "name": "details",
            "x-ntx-summary": "Details",
            "description": "Boolean value specifies whether or not to include full details in the response.",
            "type": "boolean",
            "required": false
          },
          {
            "in": "query",
            "name": "metric",
            "x-ntx-summary": "Metric",
            "description": "Boolean value specifies whether or not to display metric values.",
            "type": "boolean",
            "required": false
          }
        ],
        "responses": {
          "200": {
            "description": "successful operation",
            "schema": {
              "type": "object",
              "x-ntx-summary": "Result"
            }
          },
          "400": {
            "description": "Invalid status value"
          }
        },
        "security": [
          {
            "accuweather_api_key": []
          }
        ]
      }
    }
  },
  "securityDefinitions": {
    "accuweather_api_key": {
      "type": "apiKey",
      "name": "apikey",
      "in": "query"
    }
  },
  "externalDocs": {
    "description": "Find out more about Swagger",
    "url": "http://swagger.io"
  }
}