{
  "swagger": "2.0",
  "info": {
    "description": "AcceWeather Locations OpenAPI Definition for Nintex Workflow Cloud",
    "version": "1.0.0",
    "title": "AccuWeather Locations",
    "contact": {
      "email": "vadim.tabakman@nintex.com"
    }
  },
  "host": "dataservice.accuweather.com",
  "basePath": "/locations/v1",
  "schemes": [
    "https",
    "http"
  ],
  "paths": {
    "/adminareas/{countryCode}": {
      "get": {
        "summary": "Admin Area List",
        "description": "Returns basic information about administrative areas in the specified country.",
        "operationId": "admin_area_list",
        "produces": [
          "application/json"
        ],
        "parameters": [
          {
            "in": "path",
            "name": "countryCode",
            "x-ntx-summary": "Country Code",
            "description": "Unique ID used to search within a specific country",
            "type": "string",
            "required": true
          },
          {
            "in": "query",
            "name": "language",
            "x-ntx-summary": "Language",
            "description": "Language",
            "type": "string",
            "required": false
          },
          {
            "in": "query",
            "name": "offset",
            "x-ntx-summary": "Result Offset",
            "description": "Integer, along with the limit (25) that determines the first resource to be returned. If no offset is provided, the max number (100) of results will be returned.",
            "type": "integer",
            "required": false
          }
        ],
        "responses": {
          "200": {
            "description": "successful operation",
            "schema": {
              "type": "object",
              "x-ntx-summary": "Result"
            }
          },
          "400": {
            "description": "Invalid status value"
          }
        },
        "security": [
          {
            "accuweather_api_key": []
          }
        ]
      }
    },
    "/regions": {
      "get": {
        "summary": "Region List",
        "description": "Returns basic information about all regions.",
        "operationId": "region_list",
        "produces": [
          "application/json"
        ],
        "parameters": [
          {
            "in": "query",
            "name": "language",
            "x-ntx-summary": "Language",
            "description": "Language",
            "type": "string",
            "required": false
          }
        ],
        "responses": {
          "200": {
            "description": "successful operation",
            "schema": {
              "$ref": "#/definitions/regions_list_result"
            }
          },
          "400": {
            "description": "Invalid status value"
          }
        },
        "security": [
          {
            "accuweather_api_key": []
          }
        ]
      }
    },
    "/countries/{regionCode}": {
      "get": {
        "summary": "Country List",
        "description": "Returns basic information about all countries within a specified region.",
        "operationId": "country_list",
        "produces": [
          "application/json"
        ],
        "parameters": [
          {
            "in": "path",
            "name": "regionCode",
            "x-ntx-summary": "Region Code",
            "description": "Unique ID used to search within a specific country",
            "type": "string",
            "required": true
          },
          {
            "in": "query",
            "name": "language",
            "x-ntx-summary": "Language",
            "description": "Language",
            "type": "string",
            "required": false
          }
        ],
        "responses": {
          "200": {
            "description": "successful operation",
            "schema": {
              "type": "object",
              "x-ntx-summary": "Result"
            }
          },
          "400": {
            "description": "Invalid status value"
          }
        },
        "security": [
          {
            "accuweather_api_key": []
          }
        ]
      }
    },
    "/topcities/{group}": {
      "get": {
        "summary": "Top Cities List",
        "description": "Returns information for the top 50, 100, or 150 cities, worldwide.",
        "operationId": "top_cities_list",
        "produces": [
          "application/json"
        ],
        "parameters": [
          {
            "in": "path",
            "name": "group",
            "x-ntx-summary": "Group",
            "description": "Integer that indicates how many cities to return",
            "type": "integer",
            "required": true
          },
          {
            "in": "query",
            "name": "language",
            "x-ntx-summary": "Language",
            "description": "String indicating the language in which to return the resource.",
            "type": "string",
            "required": false
          },
          {
            "in": "query",
            "name": "details",
            "x-ntx-summary": "Details",
            "description": "Boolean value specifies whether or not to include full details in the response.",
            "type": "boolean",
            "required": false
          }
        ],
        "responses": {
          "200": {
            "description": "successful operation",
            "schema": {
              "type": "object",
              "x-ntx-summary": "Result"
            }
          },
          "400": {
            "description": "Invalid status value"
          }
        },
        "security": [
          {
            "accuweather_api_key": []
          }
        ]
      }
    },
    "/autocomplete": {
      "get": {
        "summary": "Autocomplete",
        "description": "Returns basic information about locations matching an autocomplete of the search text.",
        "operationId": "autocomplete",
        "produces": [
          "application/json"
        ],
        "parameters": [
          {
            "in": "query",
            "name": "q",
            "x-ntx-summary": "Text to Search",
            "description": "Text to use for Autocomplete search.",
            "type": "string",
            "required": true
          },
          {
            "in": "query",
            "name": "language",
            "x-ntx-summary": "Language",
            "description": "String indicating the language in which to return the resource.",
            "type": "string",
            "required": false
          }
        ],
        "responses": {
          "200": {
            "description": "successful operation",
            "schema": {
              "type": "object",
              "x-ntx-summary": "Result"
            }
          },
          "400": {
            "description": "Invalid status value"
          }
        },
        "security": [
          {
            "accuweather_api_key": []
          }
        ]
      }
    },
    "/neighbors/{locationKey}": {
      "get": {
        "summary": "City Neighbors by locationKey",
        "description": "Returns information for the top 50, 100, or 150 cities, worldwide.",
        "operationId": "city_neighbours_by_locationkey",
        "produces": [
          "application/json"
        ],
        "parameters": [
          {
            "in": "path",
            "name": "locationKey",
            "x-ntx-summary": "Location Key",
            "description": "Unique ID used to search for a specific location",
            "type": "string",
            "required": true
          },
          {
            "in": "query",
            "name": "language",
            "x-ntx-summary": "Language",
            "description": "String indicating the language in which to return the resource.",
            "type": "string",
            "required": false
          },
          {
            "in": "query",
            "name": "details",
            "x-ntx-summary": "Details",
            "description": "Boolean value specifies whether or not to include full details in the response.",
            "type": "boolean",
            "required": false
          }
        ],
        "responses": {
          "200": {
            "description": "successful operation",
            "schema": {
              "type": "object",
              "x-ntx-summary": "Result"
            }
          },
          "400": {
            "description": "Invalid status value"
          }
        },
        "security": [
          {
            "accuweather_api_key": []
          }
        ]
      }
    },
    "/{locationKey}": {
      "get": {
        "summary": "Search by locationKey",
        "description": "Returns information about a specific location, by location key. You must know the location key to perform this query.",
        "operationId": "location_key",
        "produces": [
          "application/json"
        ],
        "parameters": [
          {
            "in": "path",
            "name": "locationKey",
            "x-ntx-summary": "Location Key",
            "description": "Unique ID used to search for a specific location",
            "type": "string",
            "required": true
          },
          {
            "in": "query",
            "name": "language",
            "x-ntx-summary": "Language",
            "description": "String indicating the language in which to return the resource.",
            "type": "string",
            "required": false
          },
          {
            "in": "query",
            "name": "details",
            "x-ntx-summary": "Details",
            "description": "Boolean value specifies whether or not to include full details in the response.",
            "type": "boolean",
            "required": false
          }
        ],
        "responses": {
          "200": {
            "description": "successful operation",
            "schema": {
              "type": "object",
              "x-ntx-summary": "Result"
            }
          },
          "400": {
            "description": "Invalid status value"
          }
        },
        "security": [
          {
            "accuweather_api_key": []
          }
        ]
      }
    },
    "/cities/search": {
      "get": {
        "summary": "City Search",
        "description": "Returns information for an array of cities that match the search text.",
        "operationId": "city_search",
        "produces": [
          "application/json"
        ],
        "parameters": [
          {
            "in": "query",
            "name": "q",
            "x-ntx-summary": "Text to Search",
            "description": "Text to search for.",
            "type": "string",
            "required": true
          },
          {
            "in": "query",
            "name": "language",
            "x-ntx-summary": "Language",
            "description": "String indicating the language in which to return the resource.",
            "type": "string",
            "required": false
          },
          {
            "in": "query",
            "name": "details",
            "x-ntx-summary": "Details",
            "description": "Boolean value specifies whether or not to include full details in the response.",
            "type": "boolean",
            "required": false
          },
          {
            "in": "query",
            "name": "offset",
            "x-ntx-summary": "Offset",
            "description": "Integer, along with the limit (25) that determines the first resource to be returned. If no offset is provided, the max number (100) of results will be returned.",
            "type": "integer",
            "required": false
          },
          {
            "in": "query",
            "name": "alias",
            "x-ntx-summary": "Alias",
            "description": "Enumeration that specifies when alias locations should be included in the results. By default, an alias will only be returned if no official match for the search text was found. Enumeration values; Never or Always",
            "type": "string",
            "enum": [
              "Never",
              "Always"
            ],
            "required": false
          }
        ],
        "responses": {
          "200": {
            "description": "successful operation",
            "schema": {
              "type": "object",
              "x-ntx-summary": "Result"
            }
          },
          "400": {
            "description": "Invalid status value"
          }
        },
        "security": [
          {
            "accuweather_api_key": []
          }
        ]
      }
    },
    "/cities/{countrycode}/{adminCode}/search": {
      "get": {
        "summary": "City Search by Country and Admin",
        "description": "Returns information for an array of cities that match the search text.",
        "operationId": "city_country_admin_search",
        "produces": [
          "application/json"
        ],
        "parameters": [
          {
            "in": "path",
            "name": "countrycode",
            "x-ntx-summary": "Country Code",
            "description": "Unique ID used to search for a specific location",
            "type": "string",
            "required": true
          },
          {
            "in": "path",
            "name": "adminCode",
            "x-ntx-summary": "Admin Code",
            "description": "Unique ID used to search for a specific location",
            "type": "string",
            "required": true
          },
          {
            "in": "query",
            "name": "q",
            "x-ntx-summary": "Text to Search",
            "description": "Text to search for.",
            "type": "string",
            "required": true
          },
          {
            "in": "query",
            "name": "language",
            "x-ntx-summary": "Language",
            "description": "String indicating the language in which to return the resource.",
            "type": "string",
            "required": false
          },
          {
            "in": "query",
            "name": "details",
            "x-ntx-summary": "Details",
            "description": "Boolean value specifies whether or not to include full details in the response.",
            "type": "boolean",
            "required": false
          },
          {
            "in": "query",
            "name": "offset",
            "x-ntx-summary": "Offset",
            "description": "Integer, along with the limit (25) that determines the first resource to be returned. If no offset is provided, the max number (100) of results will be returned.",
            "type": "integer",
            "required": false
          },
          {
            "in": "query",
            "name": "alias",
            "x-ntx-summary": "Alias",
            "description": "Enumeration that specifies when alias locations should be included in the results. By default, an alias will only be returned if no official match for the search text was found. Enumeration values; Never or Always",
            "type": "string",
            "enum": [
              "Never",
              "Always"
            ],
            "required": false
          }
        ],
        "responses": {
          "200": {
            "description": "successful operation",
            "schema": {
              "type": "object",
              "x-ntx-summary": "Result"
            }
          },
          "400": {
            "description": "Invalid status value"
          }
        },
        "security": [
          {
            "accuweather_api_key": []
          }
        ]
      }
    },
    "/cities/{countrycode}/search": {
      "get": {
        "summary": "City Search by Country",
        "description": "Returns information for an array of cities that match the search text.",
        "operationId": "city_country_search",
        "produces": [
          "application/json"
        ],
        "parameters": [
          {
            "in": "path",
            "name": "countrycode",
            "x-ntx-summary": "Country Code",
            "description": "Unique ID used to search for a specific location",
            "type": "string",
            "required": true
          },
          {
            "in": "query",
            "name": "q",
            "x-ntx-summary": "Text to Search",
            "description": "Text to search for.",
            "type": "string",
            "required": true
          },
          {
            "in": "query",
            "name": "language",
            "x-ntx-summary": "Language",
            "description": "String indicating the language in which to return the resource.",
            "type": "string",
            "required": false
          },
          {
            "in": "query",
            "name": "details",
            "x-ntx-summary": "Details",
            "description": "Boolean value specifies whether or not to include full details in the response.",
            "type": "boolean",
            "required": false
          },
          {
            "in": "query",
            "name": "offset",
            "x-ntx-summary": "Offset",
            "description": "Integer, along with the limit (25) that determines the first resource to be returned. If no offset is provided, the max number (100) of results will be returned.",
            "type": "integer",
            "required": false
          },
          {
            "in": "query",
            "name": "alias",
            "x-ntx-summary": "Alias",
            "description": "Enumeration that specifies when alias locations should be included in the results. By default, an alias will only be returned if no official match for the search text was found. Enumeration values; Never or Always",
            "type": "string",
            "enum": [
              "Never",
              "Always"
            ],
            "required": false
          }
        ],
        "responses": {
          "200": {
            "description": "successful operation",
            "schema": {
              "type": "object",
              "x-ntx-summary": "Result"
            }
          },
          "400": {
            "description": "Invalid status value"
          }
        },
        "security": [
          {
            "accuweather_api_key": []
          }
        ]
      }
    },
    "/poi/search": {
      "get": {
        "summary": "POI Search",
        "description": "Returns information for an array of cities that match the search text.",
        "operationId": "poi_search",
        "produces": [
          "application/json"
        ],
        "parameters": [
          {
            "in": "query",
            "name": "q",
            "x-ntx-summary": "Text to Search",
            "description": "Text to search for.",
            "type": "string",
            "required": true
          },
          {
            "in": "query",
            "name": "language",
            "x-ntx-summary": "Language",
            "description": "String indicating the language in which to return the resource.",
            "type": "string",
            "required": false
          },
          {
            "in": "query",
            "name": "type",
            "x-ntx-summary": "Type",
            "description": "POI ID",
            "type": "string",
            "required": false
          },
          {
            "in": "query",
            "name": "details",
            "x-ntx-summary": "Details",
            "description": "Boolean value specifies whether or not to include full details in the response.",
            "type": "boolean",
            "required": false
          }
        ],
        "responses": {
          "200": {
            "description": "successful operation",
            "schema": {
              "type": "object",
              "x-ntx-summary": "Result"
            }
          },
          "400": {
            "description": "Invalid status value"
          }
        },
        "security": [
          {
            "accuweather_api_key": []
          }
        ]
      }
    },
    "/poi/{countrycode}/{adminCode}/search": {
      "get": {
        "summary": "POI Search by Country and Admin",
        "description": "Returns information for an array of Points of Interest that match the search text.",
        "operationId": "poi_country_admin_search",
        "produces": [
          "application/json"
        ],
        "parameters": [
          {
            "in": "path",
            "name": "countrycode",
            "x-ntx-summary": "Country Code",
            "description": "Unique ID used to search for a specific location",
            "type": "string",
            "required": true
          },
          {
            "in": "path",
            "name": "adminCode",
            "x-ntx-summary": "Admin Code",
            "description": "Unique ID used to search for a specific location",
            "type": "string",
            "required": true
          },
          {
            "in": "query",
            "name": "q",
            "x-ntx-summary": "Text to Search",
            "description": "Text to search for.",
            "type": "string",
            "required": true
          },
          {
            "in": "query",
            "name": "type",
            "x-ntx-summary": "Type",
            "description": "Type",
            "type": "string",
            "required": true
          },
          {
            "in": "query",
            "name": "language",
            "x-ntx-summary": "Language",
            "description": "String indicating the language in which to return the resource.",
            "type": "string",
            "required": false
          },
          {
            "in": "query",
            "name": "details",
            "x-ntx-summary": "Details",
            "description": "Boolean value specifies whether or not to include full details in the response.",
            "type": "boolean",
            "required": false
          }
        ],
        "responses": {
          "200": {
            "description": "successful operation",
            "schema": {
              "type": "object",
              "x-ntx-summary": "Result"
            }
          },
          "400": {
            "description": "Invalid status value"
          }
        },
        "security": [
          {
            "accuweather_api_key": []
          }
        ]
      }
    },
    "/poi/{countrycode}/search": {
      "get": {
        "summary": "POI Search by Country",
        "description": "Returns information for an array of cities that match the search text.",
        "operationId": "poi_country_search",
        "produces": [
          "application/json"
        ],
        "parameters": [
          {
            "in": "path",
            "name": "countrycode",
            "x-ntx-summary": "Country Code",
            "description": "Unique ID used to search for a specific location",
            "type": "string",
            "required": true
          },
          {
            "in": "query",
            "name": "q",
            "x-ntx-summary": "Text to Search",
            "description": "Text to search for.",
            "type": "string",
            "required": true
          },
          {
            "in": "query",
            "name": "type",
            "x-ntx-summary": "Type",
            "description": "Type",
            "type": "string",
            "required": true
          },
          {
            "in": "query",
            "name": "language",
            "x-ntx-summary": "Language",
            "description": "String indicating the language in which to return the resource.",
            "type": "string",
            "required": false
          },
          {
            "in": "query",
            "name": "details",
            "x-ntx-summary": "Details",
            "description": "Boolean value specifies whether or not to include full details in the response.",
            "type": "boolean",
            "required": false
          }
        ],
        "responses": {
          "200": {
            "description": "successful operation",
            "schema": {
              "type": "object",
              "x-ntx-summary": "Result"
            }
          },
          "400": {
            "description": "Invalid status value"
          }
        },
        "security": [
          {
            "accuweather_api_key": []
          }
        ]
      }
    },
    "/postalcodes/search": {
      "get": {
        "summary": "Postal Code Search",
        "description": "Returns information for an array of Postal Codes that match the search text.",
        "operationId": "postalcodes_search",
        "produces": [
          "application/json"
        ],
        "parameters": [
          {
            "in": "query",
            "name": "q",
            "x-ntx-summary": "Text to Search",
            "description": "Text to search for.",
            "type": "string",
            "required": true
          },
          {
            "in": "query",
            "name": "language",
            "x-ntx-summary": "Language",
            "description": "String indicating the language in which to return the resource.",
            "type": "string",
            "required": false
          },
          {
            "in": "query",
            "name": "type",
            "x-ntx-summary": "Type",
            "description": "POI ID",
            "type": "string",
            "required": false
          },
          {
            "in": "query",
            "name": "details",
            "x-ntx-summary": "Details",
            "description": "Boolean value specifies whether or not to include full details in the response.",
            "type": "boolean",
            "required": false
          }
        ],
        "responses": {
          "200": {
            "description": "successful operation",
            "schema": {
              "type": "object",
              "x-ntx-summary": "Result"
            }
          },
          "400": {
            "description": "Invalid status value"
          }
        },
        "security": [
          {
            "accuweather_api_key": []
          }
        ]
      }
    },
    "/postalcodes/{countrycode}/search": {
      "get": {
        "summary": "Postal Code Search by Country",
        "description": "Returns information for an array of Postal Codes that match the search text.",
        "operationId": "postalcode_country_search",
        "produces": [
          "application/json"
        ],
        "parameters": [
          {
            "in": "path",
            "name": "countrycode",
            "x-ntx-summary": "Country Code",
            "description": "Unique ID used to search for a specific location",
            "type": "string",
            "required": true
          },
          {
            "in": "query",
            "name": "q",
            "x-ntx-summary": "Text to Search",
            "description": "Text to search for.",
            "type": "string",
            "required": true
          },
          {
            "in": "query",
            "name": "type",
            "x-ntx-summary": "Type",
            "description": "Type",
            "type": "string",
            "required": true
          },
          {
            "in": "query",
            "name": "language",
            "x-ntx-summary": "Language",
            "description": "String indicating the language in which to return the resource.",
            "type": "string",
            "required": false
          },
          {
            "in": "query",
            "name": "details",
            "x-ntx-summary": "Details",
            "description": "Boolean value specifies whether or not to include full details in the response.",
            "type": "boolean",
            "required": false
          }
        ],
        "responses": {
          "200": {
            "description": "successful operation",
            "schema": {
              "type": "object",
              "x-ntx-summary": "Result"
            }
          },
          "400": {
            "description": "Invalid status value"
          }
        },
        "security": [
          {
            "accuweather_api_key": []
          }
        ]
      }
    },
    "/search": {
      "get": {
        "summary": "Text Search",
        "description": "Returns information for an array of Postal Codes that match the search text.",
        "operationId": "text_search",
        "produces": [
          "application/json"
        ],
        "parameters": [
          {
            "in": "query",
            "name": "q",
            "x-ntx-summary": "Text to Search",
            "description": "Text to search for.",
            "type": "string",
            "required": true
          },
          {
            "in": "query",
            "name": "language",
            "x-ntx-summary": "Language",
            "description": "String indicating the language in which to return the resource.",
            "type": "string",
            "required": false
          },
          {
            "in": "query",
            "name": "type",
            "x-ntx-summary": "Type",
            "description": "POI ID",
            "type": "string",
            "required": false
          },
          {
            "in": "query",
            "name": "details",
            "x-ntx-summary": "Details",
            "description": "Boolean value specifies whether or not to include full details in the response.",
            "type": "boolean",
            "required": false
          }
        ],
        "responses": {
          "200": {
            "description": "successful operation",
            "schema": {
              "type": "object",
              "x-ntx-summary": "Result"
            }
          },
          "400": {
            "description": "Invalid status value"
          }
        },
        "security": [
          {
            "accuweather_api_key": []
          }
        ]
      }
    },
    "/{countrycode}/{adminCode}/search": {
      "get": {
        "summary": "Text Search by Country and Admin",
        "description": "Returns information for an array of cities that match the search text.",
        "operationId": "text_country_admin_search",
        "produces": [
          "application/json"
        ],
        "parameters": [
          {
            "in": "path",
            "name": "countrycode",
            "x-ntx-summary": "Country Code",
            "description": "Unique ID used to search for a specific location",
            "type": "string",
            "required": true
          },
          {
            "in": "path",
            "name": "adminCode",
            "x-ntx-summary": "Admin Code",
            "description": "Unique ID used to search for a specific location",
            "type": "string",
            "required": true
          },
          {
            "in": "query",
            "name": "q",
            "x-ntx-summary": "Text to Search",
            "description": "Text to search for.",
            "type": "string",
            "required": true
          },
          {
            "in": "query",
            "name": "language",
            "x-ntx-summary": "Language",
            "description": "String indicating the language in which to return the resource.",
            "type": "string",
            "required": false
          },
          {
            "in": "query",
            "name": "details",
            "x-ntx-summary": "Details",
            "description": "Boolean value specifies whether or not to include full details in the response.",
            "type": "boolean",
            "required": false
          },
          {
            "in": "query",
            "name": "offset",
            "x-ntx-summary": "Offset",
            "description": "Integer, along with the limit (25) that determines the first resource to be returned. If no offset is provided, the max number (100) of results will be returned.",
            "type": "integer",
            "required": false
          },
          {
            "in": "query",
            "name": "alias",
            "x-ntx-summary": "Alias",
            "description": "Enumeration that specifies when alias locations should be included in the results. By default, an alias will only be returned if no official match for the search text was found. Enumeration values; Never or Always",
            "type": "string",
            "enum": [
              "Never",
              "Always"
            ],
            "required": false
          }
        ],
        "responses": {
          "200": {
            "description": "successful operation",
            "schema": {
              "type": "object",
              "x-ntx-summary": "Result"
            }
          },
          "400": {
            "description": "Invalid status value"
          }
        },
        "security": [
          {
            "accuweather_api_key": []
          }
        ]
      }
    },
    "/{countrycode}/search": {
      "get": {
        "summary": "Search by Country",
        "description": "Returns information for an array of cities that match the search text.",
        "operationId": "search_country_search",
        "produces": [
          "application/json"
        ],
        "parameters": [
          {
            "in": "path",
            "name": "countrycode",
            "x-ntx-summary": "Country Code",
            "description": "Unique ID used to search for a specific location",
            "type": "string",
            "required": true
          },
          {
            "in": "query",
            "name": "q",
            "x-ntx-summary": "Text to Search",
            "description": "Text to search for.",
            "type": "string",
            "required": true
          },
          {
            "in": "query",
            "name": "language",
            "x-ntx-summary": "Language",
            "description": "String indicating the language in which to return the resource.",
            "type": "string",
            "required": false
          },
          {
            "in": "query",
            "name": "details",
            "x-ntx-summary": "Details",
            "description": "Boolean value specifies whether or not to include full details in the response.",
            "type": "boolean",
            "required": false
          },
          {
            "in": "query",
            "name": "offset",
            "x-ntx-summary": "Offset",
            "description": "Integer, along with the limit (25) that determines the first resource to be returned. If no offset is provided, the max number (100) of results will be returned.",
            "type": "integer",
            "required": false
          },
          {
            "in": "query",
            "name": "alias",
            "x-ntx-summary": "Alias",
            "description": "Enumeration that specifies when alias locations should be included in the results. By default, an alias will only be returned if no official match for the search text was found. Enumeration values; Never or Always",
            "type": "string",
            "enum": [
              "Never",
              "Always"
            ],
            "required": false
          }
        ],
        "responses": {
          "200": {
            "description": "successful operation",
            "schema": {
              "type": "object",
              "x-ntx-summary": "Result"
            }
          },
          "400": {
            "description": "Invalid status value"
          }
        },
        "security": [
          {
            "accuweather_api_key": []
          }
        ]
      }
    },
    "/cities/geoposition/search": {
      "get": {
        "summary": "Geoposition Search",
        "description": "Returns information about a specific location, by GeoPosition (Latitude and Longitude).",
        "operationId": "geo_position_search",
        "produces": [
          "application/json"
        ],
        "parameters": [
          {
            "in": "query",
            "name": "q",
            "x-ntx-summary": "Text to Search",
            "description": "Text to search for.",
            "type": "string",
            "required": true
          },
          {
            "in": "query",
            "name": "language",
            "x-ntx-summary": "Language",
            "description": "String indicating the language in which to return the resource.",
            "type": "string",
            "required": false
          },
          {
            "in": "query",
            "name": "details",
            "x-ntx-summary": "Details",
            "description": "Boolean value specifies whether or not to include full details in the response.",
            "type": "boolean",
            "required": false
          },
          {
            "in": "query",
            "name": "toplevel",
            "x-ntx-summary": "Top Level",
            "description": "When toplevel=true, the city with the highest rank will be returned. Large cities have higher rank than the neighborhoods within them, so toplevel=true delivers a more generic location result. (Example; 40.73,-74.00 returns Greenwich Village, NY when toplevel=false. If toplevel=true, the same lat/lon pair will return New York, NY.)",
            "type": "boolean",
            "required": false
          }
        ],
        "responses": {
          "200": {
            "description": "successful operation",
            "schema": {
              "type": "object",
              "x-ntx-summary": "Result"
            }
          },
          "400": {
            "description": "Invalid status value"
          }
        },
        "security": [
          {
            "accuweather_api_key": []
          }
        ]
      }
    },
    "/cities/ipaddress": {
      "get": {
        "summary": "IP ADdress Search",
        "description": "Returns information about a specific location, by IP Address.",
        "operationId": "ip_address_search",
        "produces": [
          "application/json"
        ],
        "parameters": [
          {
            "in": "query",
            "name": "q",
            "x-ntx-summary": "Text to Search",
            "description": "Text to search for. In this case, the text should be a valid ip address.",
            "type": "string",
            "required": true
          },
          {
            "in": "query",
            "name": "language",
            "x-ntx-summary": "Language",
            "description": "String indicating the language in which to return the resource.",
            "type": "string",
            "required": false
          },
          {
            "in": "query",
            "name": "details",
            "x-ntx-summary": "Details",
            "description": "Boolean value specifies whether or not to include full details in the response.",
            "type": "boolean",
            "required": false
          },
          {
            "in": "query",
            "name": "toplevel",
            "x-ntx-summary": "Top Level",
            "description": "When toplevel=true, the city with the highest rank will be returned. Large cities have higher rank than the neighborhoods within them, so toplevel=true delivers a more generic location result. (Example; 40.73,-74.00 returns Greenwich Village, NY when toplevel=false. If toplevel=true, the same lat/lon pair will return New York, NY.)",
            "type": "boolean",
            "required": false
          }
        ],
        "responses": {
          "200": {
            "description": "successful operation",
            "schema": {
              "type": "object",
              "x-ntx-summary": "Result"
            }
          },
          "400": {
            "description": "Invalid status value"
          }
        },
        "security": [
          {
            "accuweather_api_key": []
          }
        ]
      }
    }
  },
  "definitions": {
    "regions_list_result": {
      "type": "array",
      "items": {
        "type": "object",
        "properties": {
          "ID": {
            "type": "string"
          },
          "LocalizedName": {
            "type": "string"
          },
          "EnglishName": {
            "type": "string"
          }
        }
      }
    }
  },
  "securityDefinitions": {
    "accuweather_api_key": {
      "type": "apiKey",
      "name": "apikey",
      "in": "query"
    }
  },
  "externalDocs": {
    "description": "Find out more about Swagger",
    "url": "http://swagger.io"
  }
}