{
  "swagger": "2.0",
  "info": {
    "description": "AccuWeather Weather Alarms OpenAPI Definition for Nintex Workflow Cloud",
    "version": "1.0.0",
    "title": "AccuWeather Weather Alarms",
    "contact": {
      "email": "vadim.tabakman@nintex.com"
    }
  },
  "host": "dataservice.accuweather.com",
  "basePath": "/alarms/v1",
  "schemes": [
    "https",
    "http"
  ],
  "paths": {
    "/1day/{locationKey}": {
      "get": {
        "summary": "1 Day of Weather Alarms",
        "description": "Returns 1 day of weather alarms for a specific location.",
        "operationId": "1_day_of_weather_alarms",
        "produces": [
          "application/json"
        ],
        "parameters": [
          {
            "in": "path",
            "name": "locationKey",
            "x-ntx-summary": "Location Key",
            "description": "Unique ID used to search within a specific location",
            "type": "string",
            "required": true
          },
          {
            "in": "query",
            "name": "language",
            "x-ntx-summary": "Language",
            "description": "Language",
            "type": "string",
            "required": false
          }
        ],
        "responses": {
          "200": {
            "description": "successful operation",
            "schema": {
              "type": "object",
              "x-ntx-summary": "Result"
            }
          },
          "400": {
            "description": "Invalid status value"
          }
        },
        "security": [
          {
            "accuweather_api_key": []
          }
        ]
      }
    },
    "/5day/{locationKey}": {
      "get": {
        "summary": "5 Day of Weather Alarms",
        "description": "Returns 5 day of weather alarms for a specific location.",
        "operationId": "5_day_of_weather_alarms",
        "produces": [
          "application/json"
        ],
        "parameters": [
          {
            "in": "path",
            "name": "locationKey",
            "x-ntx-summary": "Location Key",
            "description": "Unique ID used to search within a specific location",
            "type": "string",
            "required": true
          },
          {
            "in": "query",
            "name": "language",
            "x-ntx-summary": "Language",
            "description": "Language",
            "type": "string",
            "required": false
          }
        ],
        "responses": {
          "200": {
            "description": "successful operation",
            "schema": {
              "type": "object",
              "x-ntx-summary": "Result"
            }
          },
          "400": {
            "description": "Invalid status value"
          }
        },
        "security": [
          {
            "accuweather_api_key": []
          }
        ]
      }
    },
    "/10day/{locationKey}": {
      "get": {
        "summary": "10 Day of Weather Alarms",
        "description": "Returns 10 day of weather alarms for a specific location.",
        "operationId": "10_day_of_weather_alarms",
        "produces": [
          "application/json"
        ],
        "parameters": [
          {
            "in": "path",
            "name": "locationKey",
            "x-ntx-summary": "Location Key",
            "description": "Unique ID used to search within a specific location",
            "type": "string",
            "required": true
          },
          {
            "in": "query",
            "name": "language",
            "x-ntx-summary": "Language",
            "description": "Language",
            "type": "string",
            "required": false
          }
        ],
        "responses": {
          "200": {
            "description": "successful operation",
            "schema": {
              "type": "object",
              "x-ntx-summary": "Result"
            }
          },
          "400": {
            "description": "Invalid status value"
          }
        },
        "security": [
          {
            "accuweather_api_key": []
          }
        ]
      }
    },
    "/15day/{locationKey}": {
      "get": {
        "summary": "15 Day of Weather Alarms",
        "description": "Returns 15 day of weather alarms for a specific location.",
        "operationId": "15_day_of_weather_alarms",
        "produces": [
          "application/json"
        ],
        "parameters": [
          {
            "in": "path",
            "name": "locationKey",
            "x-ntx-summary": "Location Key",
            "description": "Unique ID used to search within a specific location",
            "type": "string",
            "required": true
          },
          {
            "in": "query",
            "name": "language",
            "x-ntx-summary": "Language",
            "description": "Language",
            "type": "string",
            "required": false
          }
        ],
        "responses": {
          "200": {
            "description": "successful operation",
            "schema": {
              "type": "object",
              "x-ntx-summary": "Result"
            }
          },
          "400": {
            "description": "Invalid status value"
          }
        },
        "security": [
          {
            "accuweather_api_key": []
          }
        ]
      }
    }
  },
  "securityDefinitions": {
    "accuweather_api_key": {
      "type": "apiKey",
      "name": "apikey",
      "in": "query"
    }
  },
  "externalDocs": {
    "description": "Find out more about Swagger",
    "url": "http://swagger.io"
  }
}