{
  "swagger": "2.0",
  "info": {
    "description": "AccuWeather Forecast OpenAPI Definition for Nintex Workflow Cloud",
    "version": "1.0.0",
    "title": "AccuWeather Forecast",
    "contact": {
      "email": "vadim.tabakman@nintex.com"
    }
  },
  "host": "dataservice.accuweather.com",
  "basePath": "/forecasts/v1",
  "schemes": [
    "https",
    "http"
  ],
  "paths": {
    "/daily/1day/{locationKey}": {
      "get": {
        "summary": "1 Day of Daily Forecasts",
        "description": "Returns an array of daily forecasts for the next day for a specific location. Forecast searches require a location key. Please use the Locations API to obtain the location key for your desired location. By default, a truncated version of the hourly forecast data is returned. The full object can be obtained by passing \"details=true\" into the url string.",
        "operationId": "1_day_daily_forecast",
        "produces": [
          "application/json"
        ],
        "parameters": [
          {
            "in": "path",
            "name": "locationKey",
            "x-ntx-summary": "Location Key",
            "description": "Unique ID used to search within a specific country",
            "type": "string",
            "required": true
          },
          {
            "in": "query",
            "name": "language",
            "x-ntx-summary": "Language",
            "description": "Language",
            "type": "string",
            "required": false
          },
          {
            "in": "query",
            "name": "details",
            "x-ntx-summary": "Details",
            "description": "Boolean value specifies whether or not to include full details in the response.",
            "type": "boolean",
            "required": false
          },
          {
            "in": "query",
            "name": "metric",
            "x-ntx-summary": "Metric",
            "description": "Boolean value specifies whether or not to display metric values.",
            "type": "boolean",
            "required": false
          }
        ],
        "responses": {
          "200": {
            "description": "successful operation",
            "schema": {
              "type": "object",
              "x-ntx-summary": "Result"
            }
          },
          "400": {
            "description": "Invalid status value"
          }
        },
        "security": [
          {
            "accuweather_api_key": []
          }
        ]
      }
    },
    "/daily/5day/{locationKey}": {
      "get": {
        "summary": "5 Days of Daily Forecasts10",
        "description": "Returns an array of daily forecasts for the next 5 days for a specific location. Forecast searches require a location key. Please use the Locations API to obtain the location key for your desired location. By default, a truncated version of the hourly forecast data is returned. The full object can be obtained by passing \"details=true\" into the url string.",
        "operationId": "5_day_daily_forecast",
        "produces": [
          "application/json"
        ],
        "parameters": [
          {
            "in": "path",
            "name": "locationKey",
            "x-ntx-summary": "Location Key",
            "description": "Unique ID used to search within a specific country",
            "type": "string",
            "required": true
          },
          {
            "in": "query",
            "name": "language",
            "x-ntx-summary": "Language",
            "description": "Language",
            "type": "string",
            "required": false
          },
          {
            "in": "query",
            "name": "details",
            "x-ntx-summary": "Details",
            "description": "Boolean value specifies whether or not to include full details in the response.",
            "type": "boolean",
            "required": false
          },
          {
            "in": "query",
            "name": "metric",
            "x-ntx-summary": "Metric",
            "description": "Boolean value specifies whether or not to display metric values.",
            "type": "boolean",
            "required": false
          }
        ],
        "responses": {
          "200": {
            "description": "successful operation",
            "schema": {
              "type": "object",
              "x-ntx-summary": "Result"
            }
          },
          "400": {
            "description": "Invalid status value"
          }
        },
        "security": [
          {
            "accuweather_api_key": []
          }
        ]
      }
    },
    "/daily/10day/{locationKey}": {
      "get": {
        "summary": "10 Days of Daily Forecasts10",
        "description": "Returns an array of daily forecasts for the next 10 days for a specific location. Forecast searches require a location key. Please use the Locations API to obtain the location key for your desired location. By default, a truncated version of the hourly forecast data is returned. The full object can be obtained by passing \"details=true\" into the url string.",
        "operationId": "10_day_daily_forecast",
        "produces": [
          "application/json"
        ],
        "parameters": [
          {
            "in": "path",
            "name": "locationKey",
            "x-ntx-summary": "Location Key",
            "description": "Unique ID used to search within a specific country",
            "type": "string",
            "required": true
          },
          {
            "in": "query",
            "name": "language",
            "x-ntx-summary": "Language",
            "description": "Language",
            "type": "string",
            "required": false
          },
          {
            "in": "query",
            "name": "details",
            "x-ntx-summary": "Details",
            "description": "Boolean value specifies whether or not to include full details in the response.",
            "type": "boolean",
            "required": false
          },
          {
            "in": "query",
            "name": "metric",
            "x-ntx-summary": "Metric",
            "description": "Boolean value specifies whether or not to display metric values.",
            "type": "boolean",
            "required": false
          }
        ],
        "responses": {
          "200": {
            "description": "successful operation",
            "schema": {
              "type": "object",
              "x-ntx-summary": "Result"
            }
          },
          "400": {
            "description": "Invalid status value"
          }
        },
        "security": [
          {
            "accuweather_api_key": []
          }
        ]
      }
    },
    "/daily/15day/{locationKey}": {
      "get": {
        "summary": "15 Day of Daily Forecasts",
        "description": "Returns an array of daily forecasts for the next 15 days for a specific location. Forecast searches require a location key. Please use the Locations API to obtain the location key for your desired location. By default, a truncated version of the hourly forecast data is returned. The full object can be obtained by passing \"details=true\" into the url string.",
        "operationId": "15_day_daily_forecast",
        "produces": [
          "application/json"
        ],
        "parameters": [
          {
            "in": "path",
            "name": "locationKey",
            "x-ntx-summary": "Location Key",
            "description": "Unique ID used to search within a specific country",
            "type": "string",
            "required": true
          },
          {
            "in": "query",
            "name": "language",
            "x-ntx-summary": "Language",
            "description": "Language",
            "type": "string",
            "required": false
          },
          {
            "in": "query",
            "name": "details",
            "x-ntx-summary": "Details",
            "description": "Boolean value specifies whether or not to include full details in the response.",
            "type": "boolean",
            "required": false
          },
          {
            "in": "query",
            "name": "metric",
            "x-ntx-summary": "Metric",
            "description": "Boolean value specifies whether or not to display metric values.",
            "type": "boolean",
            "required": false
          }
        ],
        "responses": {
          "200": {
            "description": "successful operation",
            "schema": {
              "type": "object",
              "x-ntx-summary": "Result"
            }
          },
          "400": {
            "description": "Invalid status value"
          }
        },
        "security": [
          {
            "accuweather_api_key": []
          }
        ]
      }
    },
    "/hourly/1hour/{locationKey}": {
      "get": {
        "summary": "1 Hour of Hourly Forecasts",
        "description": "Returns forecast data for the next hour for a specific location. Forecast searches require a location key. Please use the Locations API to obtain the location key for your desired location. By default, a truncated version of the hourly forecast data is returned. The full object can be obtained by passing \"details=true\" into the url string.",
        "operationId": "1_hour_hourly_forecast",
        "produces": [
          "application/json"
        ],
        "parameters": [
          {
            "in": "path",
            "name": "locationKey",
            "x-ntx-summary": "Location Key",
            "description": "Unique ID used to search within a specific country",
            "type": "string",
            "required": true
          },
          {
            "in": "query",
            "name": "language",
            "x-ntx-summary": "Language",
            "description": "Language",
            "type": "string",
            "required": false
          },
          {
            "in": "query",
            "name": "details",
            "x-ntx-summary": "Details",
            "description": "Boolean value specifies whether or not to include full details in the response.",
            "type": "boolean",
            "required": false
          },
          {
            "in": "query",
            "name": "metric",
            "x-ntx-summary": "Metric",
            "description": "Boolean value specifies whether or not to display metric values.",
            "type": "boolean",
            "required": false
          }
        ],
        "responses": {
          "200": {
            "description": "successful operation",
            "schema": {
              "type": "object",
              "x-ntx-summary": "Result"
            }
          },
          "400": {
            "description": "Invalid status value"
          }
        },
        "security": [
          {
            "accuweather_api_key": []
          }
        ]
      }
    },
    "/hourly/12hour/{locationKey}": {
      "get": {
        "summary": "12 hour of Hourly Forecasts",
        "description": "Returns forecast data for the next 12 housr for a specific location. Forecast searches require a location key. Please use the Locations API to obtain the location key for your desired location. By default, a truncated version of the hourly forecast data is returned. The full object can be obtained by passing \"details=true\" into the url string.",
        "operationId": "12_hour_hourly_forecast",
        "produces": [
          "application/json"
        ],
        "parameters": [
          {
            "in": "path",
            "name": "locationKey",
            "x-ntx-summary": "Location Key",
            "description": "Unique ID used to search within a specific country",
            "type": "string",
            "required": true
          },
          {
            "in": "query",
            "name": "language",
            "x-ntx-summary": "Language",
            "description": "Language",
            "type": "string",
            "required": false
          },
          {
            "in": "query",
            "name": "details",
            "x-ntx-summary": "Details",
            "description": "Boolean value specifies whether or not to include full details in the response.",
            "type": "boolean",
            "required": false
          },
          {
            "in": "query",
            "name": "metric",
            "x-ntx-summary": "Metric",
            "description": "Boolean value specifies whether or not to display metric values.",
            "type": "boolean",
            "required": false
          }
        ],
        "responses": {
          "200": {
            "description": "successful operation",
            "schema": {
              "type": "object",
              "x-ntx-summary": "Result"
            }
          },
          "400": {
            "description": "Invalid status value"
          }
        },
        "security": [
          {
            "accuweather_api_key": []
          }
        ]
      }
    },
    "/hourly/24hour/{locationKey}": {
      "get": {
        "summary": "24 hour of Hourly Forecasts",
        "description": "Returns forecast data for the next 24 housr for a specific location. Forecast searches require a location key. Please use the Locations API to obtain the location key for your desired location. By default, a truncated version of the hourly forecast data is returned. The full object can be obtained by passing \"details=true\" into the url string.",
        "operationId": "24_hour_hourly_forecast",
        "produces": [
          "application/json"
        ],
        "parameters": [
          {
            "in": "path",
            "name": "locationKey",
            "x-ntx-summary": "Location Key",
            "description": "Unique ID used to search within a specific country",
            "type": "string",
            "required": true
          },
          {
            "in": "query",
            "name": "language",
            "x-ntx-summary": "Language",
            "description": "Language",
            "type": "string",
            "required": false
          },
          {
            "in": "query",
            "name": "details",
            "x-ntx-summary": "Details",
            "description": "Boolean value specifies whether or not to include full details in the response.",
            "type": "boolean",
            "required": false
          },
          {
            "in": "query",
            "name": "metric",
            "x-ntx-summary": "Metric",
            "description": "Boolean value specifies whether or not to display metric values.",
            "type": "boolean",
            "required": false
          }
        ],
        "responses": {
          "200": {
            "description": "successful operation",
            "schema": {
              "type": "object",
              "x-ntx-summary": "Result"
            }
          },
          "400": {
            "description": "Invalid status value"
          }
        },
        "security": [
          {
            "accuweather_api_key": []
          }
        ]
      }
    },
    "/hourly/72hour/{locationKey}": {
      "get": {
        "summary": "72 hour of Hourly Forecasts",
        "description": "Returns forecast data for the next 72 housr for a specific location. Forecast searches require a location key. Please use the Locations API to obtain the location key for your desired location. By default, a truncated version of the hourly forecast data is returned. The full object can be obtained by passing \"details=true\" into the url string.",
        "operationId": "72_hour_hourly_forecast",
        "produces": [
          "application/json"
        ],
        "parameters": [
          {
            "in": "path",
            "name": "locationKey",
            "x-ntx-summary": "Location Key",
            "description": "Unique ID used to search within a specific country",
            "type": "string",
            "required": true
          },
          {
            "in": "query",
            "name": "language",
            "x-ntx-summary": "Language",
            "description": "Language",
            "type": "string",
            "required": false
          },
          {
            "in": "query",
            "name": "details",
            "x-ntx-summary": "Details",
            "description": "Boolean value specifies whether or not to include full details in the response.",
            "type": "boolean",
            "required": false
          },
          {
            "in": "query",
            "name": "metric",
            "x-ntx-summary": "Metric",
            "description": "Boolean value specifies whether or not to display metric values.",
            "type": "boolean",
            "required": false
          }
        ],
        "responses": {
          "200": {
            "description": "successful operation",
            "schema": {
              "type": "object",
              "x-ntx-summary": "Result"
            }
          },
          "400": {
            "description": "Invalid status value"
          }
        },
        "security": [
          {
            "accuweather_api_key": []
          }
        ]
      }
    },
    "/hourly/120hour/{locationKey}": {
      "get": {
        "summary": "120 hour of Hourly Forecasts",
        "description": "Returns forecast data for the next 120 housr for a specific location. Forecast searches require a location key. Please use the Locations API to obtain the location key for your desired location. By default, a truncated version of the hourly forecast data is returned. The full object can be obtained by passing \"details=true\" into the url string.",
        "operationId": "120_hour_hourly_forecast",
        "produces": [
          "application/json"
        ],
        "parameters": [
          {
            "in": "path",
            "name": "locationKey",
            "x-ntx-summary": "Location Key",
            "description": "Unique ID used to search within a specific country",
            "type": "string",
            "required": true
          },
          {
            "in": "query",
            "name": "language",
            "x-ntx-summary": "Language",
            "description": "Language",
            "type": "string",
            "required": false
          },
          {
            "in": "query",
            "name": "details",
            "x-ntx-summary": "Details",
            "description": "Boolean value specifies whether or not to include full details in the response.",
            "type": "boolean",
            "required": false
          },
          {
            "in": "query",
            "name": "metric",
            "x-ntx-summary": "Metric",
            "description": "Boolean value specifies whether or not to display metric values.",
            "type": "boolean",
            "required": false
          }
        ],
        "responses": {
          "200": {
            "description": "successful operation",
            "schema": {
              "type": "object",
              "x-ntx-summary": "Result"
            }
          },
          "400": {
            "description": "Invalid status value"
          }
        },
        "security": [
          {
            "accuweather_api_key": []
          }
        ]
      }
    }
  },
  "securityDefinitions": {
    "accuweather_api_key": {
      "type": "apiKey",
      "name": "apikey",
      "in": "query"
    }
  },
  "externalDocs": {
    "description": "Find out more about Swagger",
    "url": "http://swagger.io"
  }
}