{
  "swagger": "2.0",
  "info": {
    "description": "AccuWeather Tropical OpenAPI Definition for Nintex Workflow Cloud",
    "version": "1.0.0",
    "title": "AccuWeather Tropical",
    "contact": {
      "email": "vadim.tabakman@nintex.com"
    }
  },
  "host": "dataservice.accuweather.com",
  "basePath": "/tropical/v1",
  "schemes": [
    "https",
    "http"
  ],
  "paths": {
    "/gov/storms/active/{basinID}/{governmentID}": {
      "get": {
        "summary": "Active government-issued storms by basin ID and government ID",
        "description": "Returns basic information about tropical cyclones that are currently active in the specified basin.",
        "operationId": "active_storms_by_basin_id_and_government_id",
        "produces": [
          "application/json"
        ],
        "parameters": [
          {
            "in": "path",
            "name": "basinID",
            "x-ntx-summary": "Basin ID",
            "description": "Basin ID",
            "type": "string",
            "required": true
          },
          {
            "in": "path",
            "name": "governmentID",
            "x-ntx-summary": "Goverenment ID",
            "description": "GovernmentID will match DepressionID",
            "type": "string",
            "required": true
          }
        ],
        "responses": {
          "200": {
            "description": "successful operation",
            "schema": {
              "type": "object",
              "x-ntx-summary": "Result"
            }
          },
          "400": {
            "description": "Invalid status value"
          }
        },
        "security": [
          {
            "accuweather_api_key": []
          }
        ]
      }
    },
    "/gov/storms/active": {
      "get": {
        "summary": "Active government-issued storms",
        "description": "Returns basic information about tropical cyclones  that are currrently active.",
        "operationId": "active_storms",
        "produces": [
          "application/json"
        ],
        "responses": {
          "200": {
            "description": "successful operation",
            "schema": {
              "type": "object",
              "x-ntx-summary": "Result"
            }
          },
          "400": {
            "description": "Invalid status value"
          }
        },
        "security": [
          {
            "accuweather_api_key": []
          }
        ]
      }
    },
    "/gov/storms/{yyyy}/{basinID}": {
      "get": {
        "summary": "Search government-issued storms by year and basin ID",
        "description": "Returns basic information about tropical cyclones for a specific year and basin.",
        "operationId": "search_government_storms_by_year_basin_id",
        "produces": [
          "application/json"
        ],
        "parameters": [
          {
            "in": "path",
            "name": "yyyy",
            "x-ntx-summary": "Year",
            "description": "4-digit Year",
            "type": "string",
            "required": true
          },
          {
            "in": "path",
            "name": "basinID",
            "x-ntx-summary": "Basin ID",
            "description": "Basin ID",
            "type": "string",
            "required": true
          }
        ],
        "responses": {
          "200": {
            "description": "successful operation",
            "schema": {
              "type": "object",
              "x-ntx-summary": "Result"
            }
          },
          "400": {
            "description": "Invalid status value"
          }
        },
        "security": [
          {
            "accuweather_api_key": []
          }
        ]
      }
    },
    "/gov/storms/{yyyy}/{basinID}/{governmentID}": {
      "get": {
        "summary": "Search government-issued storms by year, basin ID, and government ID",
        "description": "Returns basic information about a specific government issued tropical cyclone.",
        "operationId": "search_government_storms_by_year_basin_id_govid",
        "produces": [
          "application/json"
        ],
        "parameters": [
          {
            "in": "path",
            "name": "yyyy",
            "x-ntx-summary": "Year",
            "description": "4-digit Year",
            "type": "string",
            "required": true
          },
          {
            "in": "path",
            "name": "basinID",
            "x-ntx-summary": "Basin ID",
            "description": "Basin ID",
            "type": "string",
            "required": true
          },
          {
            "in": "path",
            "name": "governmentID",
            "x-ntx-summary": "Government ID",
            "description": "Government ID",
            "type": "string",
            "required": true
          }
        ],
        "responses": {
          "200": {
            "description": "successful operation",
            "schema": {
              "type": "object",
              "x-ntx-summary": "Result"
            }
          },
          "400": {
            "description": "Invalid status value"
          }
        },
        "security": [
          {
            "accuweather_api_key": []
          }
        ]
      }
    },
    "/gov/storms/active/{basinID}": {
      "get": {
        "summary": "Active government-issued storms by basin ID",
        "description": "Returns basic information about tropical cyclones that are currently active in the specified basin.",
        "operationId": "active_government_storms_by_basin_id",
        "produces": [
          "application/json"
        ],
        "parameters": [
          {
            "in": "path",
            "name": "basinID",
            "x-ntx-summary": "Basin ID",
            "description": "Basin ID",
            "type": "string",
            "required": true
          }
        ],
        "responses": {
          "200": {
            "description": "successful operation",
            "schema": {
              "type": "object",
              "x-ntx-summary": "Result"
            }
          },
          "400": {
            "description": "Invalid status value"
          }
        },
        "security": [
          {
            "accuweather_api_key": []
          }
        ]
      }
    },
    "/gov/storms/{yyyy}/{basinID}/{governmentID}/{positions}": {
      "get": {
        "summary": "Positions for an individual government-issued storm",
        "description": "Returns all position information for a specific tropical cyclone or list of tropical cyclones.",
        "operationId": "positions_government_storm",
        "produces": [
          "application/json"
        ],
        "parameters": [
          {
            "in": "path",
            "name": "yyyy",
            "x-ntx-summary": "Year",
            "description": "4-digit Year",
            "type": "string",
            "required": true
          },
          {
            "in": "path",
            "name": "basinID",
            "x-ntx-summary": "Basin ID",
            "description": "Basin ID",
            "type": "string",
            "required": true
          },
          {
            "in": "path",
            "name": "governmentID",
            "x-ntx-summary": "Government ID",
            "description": "Government ID",
            "type": "string",
            "required": true
          },
          {
            "in": "path",
            "name": "positions",
            "x-ntx-summary": "Positions",
            "description": "Positions",
            "type": "string",
            "required": true
          }
        ],
        "responses": {
          "200": {
            "description": "successful operation",
            "schema": {
              "type": "object",
              "x-ntx-summary": "Result"
            }
          },
          "400": {
            "description": "Invalid status value"
          }
        },
        "security": [
          {
            "accuweather_api_key": []
          }
        ]
      }
    },
    "/gov/storms/{yyyy}/{basinID}/{governmentID}/{positions}/current": {
      "get": {
        "summary": "Current position for an individual government-issued storm",
        "description": "Returns current (most recently recorded) position information for a specific tropical cyclone. For historical storms, the last observed position is shown.",
        "operationId": "positions_government_storm_current",
        "produces": [
          "application/json"
        ],
        "parameters": [
          {
            "in": "path",
            "name": "yyyy",
            "x-ntx-summary": "Year",
            "description": "4-digit Year",
            "type": "string",
            "required": true
          },
          {
            "in": "path",
            "name": "basinID",
            "x-ntx-summary": "Basin ID",
            "description": "Basin ID",
            "type": "string",
            "required": true
          },
          {
            "in": "path",
            "name": "governmentID",
            "x-ntx-summary": "Government ID",
            "description": "Government ID",
            "type": "string",
            "required": true
          },
          {
            "in": "path",
            "name": "positions",
            "x-ntx-summary": "Positions",
            "description": "Positions",
            "type": "string",
            "required": true
          }
        ],
        "responses": {
          "200": {
            "description": "successful operation",
            "schema": {
              "type": "object",
              "x-ntx-summary": "Result"
            }
          },
          "400": {
            "description": "Invalid status value"
          }
        },
        "security": [
          {
            "accuweather_api_key": []
          }
        ]
      }
    },
    "/gov/storms/{yyyy}/{basinID}/{governmentID}/forecasts": {
      "get": {
        "summary": "Government-issued forecasts",
        "description": "Returns all recorded forecast information for a specific government-issued tropical cyclone.",
        "operationId": "positions_government_storm_forecasts",
        "produces": [
          "application/json"
        ],
        "parameters": [
          {
            "in": "path",
            "name": "yyyy",
            "x-ntx-summary": "Year",
            "description": "4-digit Year",
            "type": "string",
            "required": true
          },
          {
            "in": "path",
            "name": "basinID",
            "x-ntx-summary": "Basin ID",
            "description": "Basin ID",
            "type": "string",
            "required": true
          },
          {
            "in": "path",
            "name": "governmentID",
            "x-ntx-summary": "Government ID",
            "description": "Government ID",
            "type": "string",
            "required": true
          }
        ],
        "responses": {
          "200": {
            "description": "successful operation",
            "schema": {
              "type": "object",
              "x-ntx-summary": "Result"
            }
          },
          "400": {
            "description": "Invalid status value"
          }
        },
        "security": [
          {
            "accuweather_api_key": []
          }
        ]
      }
    }
  },
  "securityDefinitions": {
    "accuweather_api_key": {
      "type": "apiKey",
      "name": "apikey",
      "in": "query"
    }
  },
  "externalDocs": {
    "description": "Find out more about Swagger",
    "url": "http://swagger.io"
  }
}