{
  "swagger": "2.0",
  "info": {
    "description": "AccuWeather Indices OpenAPI Definition for Nintex Workflow Cloud",
    "version": "1.0.0",
    "title": "AccuWeather Indices",
    "contact": {
      "email": "vadim.tabakman@nintex.com"
    }
  },
  "host": "dataservice.accuweather.com",
  "basePath": "/indices/v1",
  "schemes": [
    "https",
    "http"
  ],
  "paths": {
    "/daily/1day/{locationKey}/groups/{ID}": {
      "get": {
        "summary": "1 Day Daily Index Values for a Group",
        "description": "Returns daily index data for a specific group of indices, by location key.",
        "operationId": "1_daily_index_values_for_group",
        "produces": [
          "application/json"
        ],
        "parameters": [
          {
            "in": "path",
            "name": "locationKey",
            "x-ntx-summary": "Location Key",
            "description": "Unique ID used to search within a specific location",
            "type": "string",
            "required": true
          },
          {
            "in": "path",
            "name": "ID",
            "x-ntx-summary": "ID",
            "description": "Index Group ID",
            "type": "string",
            "required": true
          },
          {
            "in": "query",
            "name": "language",
            "x-ntx-summary": "Language",
            "description": "Language",
            "type": "string",
            "required": false
          },
          {
            "in": "query",
            "name": "details",
            "x-ntx-summary": "Details",
            "description": "Boolean value specifies whether or not to include full details in the response.",
            "type": "boolean",
            "required": false
          }
        ],
        "responses": {
          "200": {
            "description": "successful operation",
            "schema": {
              "type": "object",
              "x-ntx-summary": "Result"
            }
          },
          "400": {
            "description": "Invalid status value"
          }
        },
        "security": [
          {
            "accuweather_api_key": []
          }
        ]
      }
    },
    "/daily/1day/{locationKey}/{ID}": {
      "get": {
        "summary": "1 Day Daily Index Value for Index",
        "description": "Returns daily index data for a specific index, by location key.",
        "operationId": "1_daily_index_values_for_index",
        "produces": [
          "application/json"
        ],
        "parameters": [
          {
            "in": "path",
            "name": "locationKey",
            "x-ntx-summary": "Location Key",
            "description": "Unique ID used to search within a specific locatio",
            "type": "string",
            "required": true
          },
          {
            "in": "path",
            "name": "ID",
            "x-ntx-summary": "ID",
            "description": "Index Group ID",
            "type": "string",
            "required": true
          },
          {
            "in": "query",
            "name": "language",
            "x-ntx-summary": "Language",
            "description": "Language",
            "type": "string",
            "required": false
          }
        ],
        "responses": {
          "200": {
            "description": "successful operation",
            "schema": {
              "type": "object",
              "x-ntx-summary": "Result"
            }
          },
          "400": {
            "description": "Invalid status value"
          }
        },
        "security": [
          {
            "accuweather_api_key": []
          }
        ]
      }
    },
    "/daily/1day/{locationKey}": {
      "get": {
        "summary": "1 Day Daily Index Values for All Indices",
        "description": "Returns daily index data for all indices, by location key",
        "operationId": "1_daily_index_values_for_all_indices",
        "produces": [
          "application/json"
        ],
        "parameters": [
          {
            "in": "path",
            "name": "locationKey",
            "x-ntx-summary": "Location Key",
            "description": "Unique ID used to search within a specific locatio",
            "type": "string",
            "required": true
          },
          {
            "in": "query",
            "name": "language",
            "x-ntx-summary": "Language",
            "description": "Language",
            "type": "string",
            "required": false
          },
          {
            "in": "query",
            "name": "details",
            "x-ntx-summary": "Details",
            "description": "Boolean value specifies whether or not to include full details in the response.",
            "type": "boolean",
            "required": false
          }
        ],
        "responses": {
          "200": {
            "description": "successful operation",
            "schema": {
              "type": "object",
              "x-ntx-summary": "Result"
            }
          },
          "400": {
            "description": "Invalid status value"
          }
        },
        "security": [
          {
            "accuweather_api_key": []
          }
        ]
      }
    },
    "/daily/5day/{locationKey}/groups/{ID}": {
      "get": {
        "summary": "5 Day Daily Index Values for a Group",
        "description": "Returns 5 day index data for a specific group of indices, by location key.",
        "operationId": "5_daily_index_values_for_group",
        "produces": [
          "application/json"
        ],
        "parameters": [
          {
            "in": "path",
            "name": "locationKey",
            "x-ntx-summary": "Location Key",
            "description": "Unique ID used to search within a specific location",
            "type": "string",
            "required": true
          },
          {
            "in": "path",
            "name": "ID",
            "x-ntx-summary": "ID",
            "description": "Index Group ID",
            "type": "string",
            "required": true
          },
          {
            "in": "query",
            "name": "language",
            "x-ntx-summary": "Language",
            "description": "Language",
            "type": "string",
            "required": false
          },
          {
            "in": "query",
            "name": "details",
            "x-ntx-summary": "Details",
            "description": "Boolean value specifies whether or not to include full details in the response.",
            "type": "boolean",
            "required": false
          }
        ],
        "responses": {
          "200": {
            "description": "successful operation",
            "schema": {
              "type": "object",
              "x-ntx-summary": "Result"
            }
          },
          "400": {
            "description": "Invalid status value"
          }
        },
        "security": [
          {
            "accuweather_api_key": []
          }
        ]
      }
    },
    "/daily/5day/{locationKey}/{ID}": {
      "get": {
        "summary": "5 Day Daily Index Value for Index",
        "description": "Returns 5 day index data for a specific index, by location key.",
        "operationId": "5_daily_index_values_for_index",
        "produces": [
          "application/json"
        ],
        "parameters": [
          {
            "in": "path",
            "name": "locationKey",
            "x-ntx-summary": "Location Key",
            "description": "Unique ID used to search within a specific location",
            "type": "string",
            "required": true
          },
          {
            "in": "path",
            "name": "ID",
            "x-ntx-summary": "ID",
            "description": "Index Group ID",
            "type": "string",
            "required": true
          },
          {
            "in": "query",
            "name": "language",
            "x-ntx-summary": "Language",
            "description": "Language",
            "type": "string",
            "required": false
          }
        ],
        "responses": {
          "200": {
            "description": "successful operation",
            "schema": {
              "type": "object",
              "x-ntx-summary": "Result"
            }
          },
          "400": {
            "description": "Invalid status value"
          }
        },
        "security": [
          {
            "accuweather_api_key": []
          }
        ]
      }
    },
    "/daily/5day/{locationKey}": {
      "get": {
        "summary": "5 Day Daily Index Values for All Indices",
        "description": "Returns 5 day index data for all indices, by location key",
        "operationId": "5_daily_index_values_for_all_indices",
        "produces": [
          "application/json"
        ],
        "parameters": [
          {
            "in": "path",
            "name": "locationKey",
            "x-ntx-summary": "Location Key",
            "description": "Unique ID used to search within a specific location",
            "type": "string",
            "required": true
          },
          {
            "in": "query",
            "name": "language",
            "x-ntx-summary": "Language",
            "description": "Language",
            "type": "string",
            "required": false
          },
          {
            "in": "query",
            "name": "details",
            "x-ntx-summary": "Details",
            "description": "Boolean value specifies whether or not to include full details in the response.",
            "type": "boolean",
            "required": false
          }
        ],
        "responses": {
          "200": {
            "description": "successful operation",
            "schema": {
              "type": "object",
              "x-ntx-summary": "Result"
            }
          },
          "400": {
            "description": "Invalid status value"
          }
        },
        "security": [
          {
            "accuweather_api_key": []
          }
        ]
      }
    },
    "/daily/10day/{locationKey}/groups/{ID}": {
      "get": {
        "summary": "10 Day Daily Index Values for a Group",
        "description": "Returns 10 day index data for a specific group of indices, by location key.",
        "operationId": "10_daily_index_values_for_group",
        "produces": [
          "application/json"
        ],
        "parameters": [
          {
            "in": "path",
            "name": "locationKey",
            "x-ntx-summary": "Location Key",
            "description": "Unique ID used to search within a specific location",
            "type": "string",
            "required": true
          },
          {
            "in": "path",
            "name": "ID",
            "x-ntx-summary": "ID",
            "description": "Index Group ID",
            "type": "string",
            "required": true
          },
          {
            "in": "query",
            "name": "language",
            "x-ntx-summary": "Language",
            "description": "Language",
            "type": "string",
            "required": false
          },
          {
            "in": "query",
            "name": "details",
            "x-ntx-summary": "Details",
            "description": "Boolean value specifies whether or not to include full details in the response.",
            "type": "boolean",
            "required": false
          }
        ],
        "responses": {
          "200": {
            "description": "successful operation",
            "schema": {
              "type": "object",
              "x-ntx-summary": "Result"
            }
          },
          "400": {
            "description": "Invalid status value"
          }
        },
        "security": [
          {
            "accuweather_api_key": []
          }
        ]
      }
    },
    "/daily/10day/{locationKey}/{ID}": {
      "get": {
        "summary": "10 Day Daily Index Value for Index",
        "description": "Returns 10 day index data for a specific index, by location key.",
        "operationId": "10_daily_index_values_for_index",
        "produces": [
          "application/json"
        ],
        "parameters": [
          {
            "in": "path",
            "name": "locationKey",
            "x-ntx-summary": "Location Key",
            "description": "Unique ID used to search within a specific location",
            "type": "string",
            "required": true
          },
          {
            "in": "path",
            "name": "ID",
            "x-ntx-summary": "ID",
            "description": "Index Group ID",
            "type": "string",
            "required": true
          },
          {
            "in": "query",
            "name": "language",
            "x-ntx-summary": "Language",
            "description": "Language",
            "type": "string",
            "required": false
          }
        ],
        "responses": {
          "200": {
            "description": "successful operation",
            "schema": {
              "type": "object",
              "x-ntx-summary": "Result"
            }
          },
          "400": {
            "description": "Invalid status value"
          }
        },
        "security": [
          {
            "accuweather_api_key": []
          }
        ]
      }
    },
    "/daily/10day/{locationKey}": {
      "get": {
        "summary": "10 Day Daily Index Values for All Indices",
        "description": "Returns 10 day index data for all indices, by location key",
        "operationId": "10_daily_index_values_for_all_indices",
        "produces": [
          "application/json"
        ],
        "parameters": [
          {
            "in": "path",
            "name": "locationKey",
            "x-ntx-summary": "Location Key",
            "description": "Unique ID used to search within a specific location",
            "type": "string",
            "required": true
          },
          {
            "in": "query",
            "name": "language",
            "x-ntx-summary": "Language",
            "description": "Language",
            "type": "string",
            "required": false
          },
          {
            "in": "query",
            "name": "details",
            "x-ntx-summary": "Details",
            "description": "Boolean value specifies whether or not to include full details in the response.",
            "type": "boolean",
            "required": false
          }
        ],
        "responses": {
          "200": {
            "description": "successful operation",
            "schema": {
              "type": "object",
              "x-ntx-summary": "Result"
            }
          },
          "400": {
            "description": "Invalid status value"
          }
        },
        "security": [
          {
            "accuweather_api_key": []
          }
        ]
      }
    },
    "/daily/15day/{locationKey}/groups/{ID}": {
      "get": {
        "summary": "15 Day Daily Index Values for a Group",
        "description": "Returns 15 day index data for a specific group of indices, by location key.",
        "operationId": "15_daily_index_values_for_group",
        "produces": [
          "application/json"
        ],
        "parameters": [
          {
            "in": "path",
            "name": "locationKey",
            "x-ntx-summary": "Location Key",
            "description": "Unique ID used to search within a specific location",
            "type": "string",
            "required": true
          },
          {
            "in": "path",
            "name": "ID",
            "x-ntx-summary": "ID",
            "description": "Index Group ID",
            "type": "string",
            "required": true
          },
          {
            "in": "query",
            "name": "language",
            "x-ntx-summary": "Language",
            "description": "Language",
            "type": "string",
            "required": false
          },
          {
            "in": "query",
            "name": "details",
            "x-ntx-summary": "Details",
            "description": "Boolean value specifies whether or not to include full details in the response.",
            "type": "boolean",
            "required": false
          }
        ],
        "responses": {
          "200": {
            "description": "successful operation",
            "schema": {
              "type": "object",
              "x-ntx-summary": "Result"
            }
          },
          "400": {
            "description": "Invalid status value"
          }
        },
        "security": [
          {
            "accuweather_api_key": []
          }
        ]
      }
    },
    "/daily/15day/{locationKey}/{ID}": {
      "get": {
        "summary": "15 Day Daily Index Value for Index",
        "description": "Returns 15 day index data for a specific index, by location key.",
        "operationId": "15_daily_index_values_for_index",
        "produces": [
          "application/json"
        ],
        "parameters": [
          {
            "in": "path",
            "name": "locationKey",
            "x-ntx-summary": "Location Key",
            "description": "Unique ID used to search within a specific location",
            "type": "string",
            "required": true
          },
          {
            "in": "path",
            "name": "ID",
            "x-ntx-summary": "ID",
            "description": "Index Group ID",
            "type": "string",
            "required": true
          },
          {
            "in": "query",
            "name": "language",
            "x-ntx-summary": "Language",
            "description": "Language",
            "type": "string",
            "required": false
          }
        ],
        "responses": {
          "200": {
            "description": "successful operation",
            "schema": {
              "type": "object",
              "x-ntx-summary": "Result"
            }
          },
          "400": {
            "description": "Invalid status value"
          }
        },
        "security": [
          {
            "accuweather_api_key": []
          }
        ]
      }
    },
    "/daily/15day/{locationKey}": {
      "get": {
        "summary": "15 Day Daily Index Values for All Indices",
        "description": "Returns 15 day index data for all indices, by location key",
        "operationId": "15_daily_index_values_for_all_indices",
        "produces": [
          "application/json"
        ],
        "parameters": [
          {
            "in": "path",
            "name": "locationKey",
            "x-ntx-summary": "Location Key",
            "description": "Unique ID used to search within a specific location",
            "type": "string",
            "required": true
          },
          {
            "in": "query",
            "name": "language",
            "x-ntx-summary": "Language",
            "description": "Language",
            "type": "string",
            "required": false
          },
          {
            "in": "query",
            "name": "details",
            "x-ntx-summary": "Details",
            "description": "Boolean value specifies whether or not to include full details in the response.",
            "type": "boolean",
            "required": false
          }
        ],
        "responses": {
          "200": {
            "description": "successful operation",
            "schema": {
              "type": "object",
              "x-ntx-summary": "Result"
            }
          },
          "400": {
            "description": "Invalid status value"
          }
        },
        "security": [
          {
            "accuweather_api_key": []
          }
        ]
      }
    },
    "/daily": {
      "get": {
        "summary": "List of Daily Indices",
        "description": "Returns metadata for all daily indices.",
        "operationId": "list_of_daily_indices",
        "produces": [
          "application/json"
        ],
        "parameters": [
          {
            "in": "query",
            "name": "language",
            "x-ntx-summary": "Language",
            "description": "Language",
            "type": "string",
            "required": false
          }
        ],
        "responses": {
          "200": {
            "description": "successful operation",
            "schema": {
              "type": "object",
              "x-ntx-summary": "Result"
            }
          },
          "400": {
            "description": "Invalid status value"
          }
        },
        "security": [
          {
            "accuweather_api_key": []
          }
        ]
      }
    },
    "/daily/groups": {
      "get": {
        "summary": "List of Index Groups",
        "description": "Returns metadata for all index groups.",
        "operationId": "list_of_index_groups",
        "produces": [
          "application/json"
        ],
        "parameters": [
          {
            "in": "query",
            "name": "language",
            "x-ntx-summary": "Language",
            "description": "Language",
            "type": "string",
            "required": false
          }
        ],
        "responses": {
          "200": {
            "description": "successful operation",
            "schema": {
              "type": "object",
              "x-ntx-summary": "Result"
            }
          },
          "400": {
            "description": "Invalid status value"
          }
        },
        "security": [
          {
            "accuweather_api_key": []
          }
        ]
      }
    },
    "/daily/groups/{ID}": {
      "get": {
        "summary": "List of Indices in a Specific Group",
        "description": "Returns metadata for all indices in a specified group.",
        "operationId": "list_of_indices_in_a_specific_group",
        "produces": [
          "application/json"
        ],
        "parameters": [
          {
            "in": "path",
            "name": "ID",
            "x-ntx-summary": "ID",
            "description": "Index Group ID",
            "type": "string",
            "required": true
          },
          {
            "in": "query",
            "name": "language",
            "x-ntx-summary": "Language",
            "description": "Language",
            "type": "string",
            "required": false
          }
        ],
        "responses": {
          "200": {
            "description": "successful operation",
            "schema": {
              "type": "object",
              "x-ntx-summary": "Result"
            }
          },
          "400": {
            "description": "Invalid status value"
          }
        },
        "security": [
          {
            "accuweather_api_key": []
          }
        ]
      }
    },
    "/daily/{ID}": {
      "get": {
        "summary": "Metadata for a Specific Index",
        "description": "Returns metadata for a specific index type.",
        "operationId": "metadata_for_a_specific_index",
        "produces": [
          "application/json"
        ],
        "parameters": [
          {
            "in": "path",
            "name": "ID",
            "x-ntx-summary": "ID",
            "description": "ID of the Index",
            "type": "string",
            "required": true
          },
          {
            "in": "query",
            "name": "language",
            "x-ntx-summary": "Language",
            "description": "Language",
            "type": "string",
            "required": false
          }
        ],
        "responses": {
          "200": {
            "description": "successful operation",
            "schema": {
              "type": "object",
              "x-ntx-summary": "Result"
            }
          },
          "400": {
            "description": "Invalid status value"
          }
        },
        "security": [
          {
            "accuweather_api_key": []
          }
        ]
      }
    }
  },
  "securityDefinitions": {
    "accuweather_api_key": {
      "type": "apiKey",
      "name": "apikey",
      "in": "query"
    }
  },
  "externalDocs": {
    "description": "Find out more about Swagger",
    "url": "http://swagger.io"
  }
}