{
  "swagger": "2.0",
  "info": {
    "description": "AccuWeather Alerts OpenAPI Definition for Nintex Workflow Cloud",
    "version": "1.0.0",
    "title": "AccuWeather Alerts",
    "contact": {
      "email": "vadim.tabakman@nintex.com"
    }
  },
  "host": "dataservice.accuweather.com",
  "basePath": "/alerts/v1",
  "schemes": [
    "https",
    "http"
  ],
  "paths": {
    "/{locationKey}": {
      "get": {
        "summary": "Alerts by LocationKey",
        "description": "Returns alert data for a specific location. Alert searches require a location key. Please use the Locations API to obtain the location key for your desired location. By default, a truncated version of the alert data is returned. The full object can be obtained by passing \"details=true\" into the url string.",
        "operationId": "alerts_by_locationkey",
        "produces": [
          "application/json"
        ],
        "parameters": [
          {
            "in": "path",
            "name": "locationKey",
            "x-ntx-summary": "Location Key",
            "description": "Unique ID used to search within a specific location",
            "type": "string",
            "required": true
          },
          {
            "in": "query",
            "name": "language",
            "x-ntx-summary": "Language",
            "description": "String indicating the language in which to return the resource",
            "type": "string",
            "required": false
          },
          {
            "in": "query",
            "name": "details",
            "x-ntx-summary": "Details",
            "description": "Boolean value specifies whether or not to include full details in the response.",
            "type": "boolean",
            "required": false
          }
        ],
        "responses": {
          "200": {
            "description": "successful operation",
            "schema": {
              "type": "object",
              "x-ntx-summary": "Result"
            }
          },
          "400": {
            "description": "Invalid status value"
          }
        },
        "security": [
          {
            "accuweather_api_key": []
          }
        ]
      }
    }
  },
  "securityDefinitions": {
    "accuweather_api_key": {
      "type": "apiKey",
      "name": "apikey",
      "in": "query"
    }
  },
  "externalDocs": {
    "description": "Find out more about Swagger",
    "url": "http://swagger.io"
  }
}