{
  "swagger": "2.0",
  "info": {
    "description": "AccuWeather Translation OpenAPI Definition for Nintex Workflow Cloud",
    "version": "1.0.0",
    "title": "AccuWeather Translation",
    "contact": {
      "email": "vadim.tabakman@nintex.com"
    }
  },
  "host": "dataservice.accuweather.com",
  "basePath": "/translations/v1",
  "schemes": [
    "https",
    "http"
  ],
  "paths": {
    "/languages": {
      "get": {
        "summary": "List all Languages",
        "description": "Returns metadata for all languages.",
        "operationId": "list_all_languages",
        "produces": [
          "application/json"
        ],
        "responses": {
          "200": {
            "description": "successful operation",
            "schema": {
              "type": "object",
              "x-ntx-summary": "Result"
            }
          },
          "400": {
            "description": "Invalid status value"
          }
        },
        "security": [
          {
            "accuweather_api_key": []
          }
        ]
      }
    },
    "/groups": {
      "get": {
        "summary": "List of Available Translation Groups",
        "description": "Lists groups of phrases that are available for translation.",
        "operationId": "list_all_groups",
        "produces": [
          "application/json"
        ],
        "responses": {
          "200": {
            "description": "successful operation",
            "schema": {
              "type": "object",
              "x-ntx-summary": "Result"
            }
          },
          "400": {
            "description": "Invalid status value"
          }
        },
        "security": [
          {
            "accuweather_api_key": []
          }
        ]
      }
    },
    "/groups/{groupID}": {
      "get": {
        "summary": "List of Translations for a Specific Group",
        "description": "Returns all translated phrases for a specific group, in the desired language.",
        "operationId": "lis_translations_for_group",
        "produces": [
          "application/json"
        ],
        "parameters": [
          {
            "in": "path",
            "name": "groupID",
            "x-ntx-summary": "Group ID",
            "description": "Group ID",
            "type": "string",
            "required": true
          }
        ],
        "responses": {
          "200": {
            "description": "successful operation",
            "schema": {
              "type": "object",
              "x-ntx-summary": "Result"
            }
          },
          "400": {
            "description": "Invalid status value"
          }
        },
        "security": [
          {
            "accuweather_api_key": []
          }
        ]
      }
    }
  },
  "securityDefinitions": {
    "accuweather_api_key": {
      "type": "apiKey",
      "name": "apikey",
      "in": "query"
    }
  },
  "externalDocs": {
    "description": "Find out more about Swagger",
    "url": "http://swagger.io"
  }
}