{
  "swagger": "2.0",
  "info": {
    "description": "AccuWeather Imagery OpenAPI Definition for Nintex Workflow Cloud",
    "version": "1.0.0",
    "title": "AccuWeather Imagery",
    "contact": {
      "email": "vadim.tabakman@nintex.com"
    }
  },
  "host": "dataservice.accuweather.com",
  "basePath": "/imagery/v1",
  "schemes": [
    "https",
    "http"
  ],
  "paths": {
    "/maps/radsat/{resolution}/{locationKey}": {
      "get": {
        "summary": "Radar and Satellite Imagery",
        "description": "Returns links to radar and satellite images by location key. Imagery searches require a location key. Please use the Locations API to obtain a location key for your desired location. Radar images are not available for all locations worldwide at this time. If radar is not available for your desired location, satellite images are still provided.",
        "operationId": "radar_and_satallite_imagery",
        "produces": [
          "application/json"
        ],
        "parameters": [
          {
            "in": "path",
            "name": "resolution",
            "x-ntx-summary": "Map Resolution",
            "description": "Valid values 480x480, 640x480 or 1024x1024",
            "type": "string",
            "required": true
          },
          {
            "in": "path",
            "name": "locationKey",
            "x-ntx-summary": "Location Key",
            "description": "Unique ID used to search within a specific location",
            "type": "string",
            "required": true
          },
          {
            "in": "query",
            "name": "language",
            "x-ntx-summary": "Language",
            "description": "String indicating the language in which to return the resource",
            "type": "string",
            "required": false
          }
        ],
        "responses": {
          "200": {
            "description": "successful operation",
            "schema": {
              "type": "object",
              "x-ntx-summary": "Result"
            }
          },
          "400": {
            "description": "Invalid status value"
          }
        },
        "security": [
          {
            "accuweather_api_key": []
          }
        ]
      }
    }
  },
  "securityDefinitions": {
    "accuweather_api_key": {
      "type": "apiKey",
      "name": "apikey",
      "in": "query"
    }
  },
  "externalDocs": {
    "description": "Find out more about Swagger",
    "url": "http://swagger.io"
  }
}