<Process Id="484" Name="Create a Process in Promapp" ReferenceNo="" Objective="To provide guidance on the naming and formatting conventions to used when writing and editing Promapp procedures.|~||~|The Promapp ‘Naming and Formatting Conventions’ have been compiled with reference to a number of technical writing and style guides in use today(including U.S., U.K. and Australasian variances). The common theme from these style guides is to select a style and to use it CONSISTENTLY.|~||~|The key themes used in the Promapp ‘Naming and Formatting Conventions’ is all about CONSISTENCY and SIMPLE, CLEAN LOOKING text (for both on-line and printed form). The styles used for the Promapp ‘Naming and Formatting Conventions’ have been selected to support these key themes." IsTouchModeEnabled="false" IsTextModeOn="false" UseDynamicMapperImage="true" Background="Process mapping allows you to visually represent organisational processes so that they can be better understood, adapted and improved.  Process mapping using Promapp allows you to record live and up to date processes that can be accessed and commented on by all staff.  |~||~|It is important to note that Promapp cannot be used for the creation of:|~|•&#x9;Value Stream Transformation (VST) maps|~|•&#x9;Organisational charts|~|•&#x9;Network diagrams|~|•&#x9;System diagrams|~|•&#x9;Conceptual solution diagrams" Owner="Tas Fountis" OwnerId="1049" Expert="Tas Fountis" ExpertId="1049" Group="Process Management" GroupId="160" GroupUniqueId="5b3df276-ae45-425d-ac12-44579664da30" State="Active" StateId="1" Version="16.0" PromappVersion="4.8.0.24" UniqueId="1b7be4a0-3f2c-49ca-9f8f-3d52e5baf4fc" IsPolicyModeOn="false" IsVirtualVariation="false">
  <ProcessGroupItems>
    <ProcessGroup Id="160" UniqueId="5b3df276-ae45-425d-ac12-44579664da30" Name="Process Management" ProcessGroupItemId="5642" />
  </ProcessGroupItems>
  <Triggers />
  <Inputs />
  <ProcessProcedures>
    <Activity Id="12149" UniqueId="ca81396c-f37d-05ef-61f4-1870d5c1a570" Number="1.0" Order="0">
      <Text>Create a new process in Promapp</Text>
      <Ownerships>
        <Tag Id="45" Name="Promapp" IsDisassociated="false" TagFamilyId="3" TagFamilyName="System" IsSwimlaneParticipant="false" />
        <Role Id="197" Name="Process Expert" IsVirtual="false" />
        <Role Id="196" Name="Process Owner" IsVirtual="false" />
      </Ownerships>
      <ProcessProcedureTimeframe TimeframeTypeId="-1" TimeframeType="" CycleTimeDisplay="-" LeadTimeDisplay="-" ProportionOfTimeInTotal="1.00000000000" />
      <ChildProcessProcedures>
        <Task Id="12334" UniqueId="588b796c-6cb1-853b-646e-68d6a40b4730" Order="1" Number="1.0.1">
          <Text>Navigate to [Create a new Process]</Text>
        </Task>
        <Image Id="12869" UniqueId="0659725d-0830-ce14-b58c-c2309a13b9ed" Order="2" DocumentId="340" DocumentUniqueId="dc3c76dd-8729-4f4d-aaee-ca85706c7e0a" UploadId="395" Number="">
          <Text>Create a new process - screenshot.png</Text>
        </Image>
        <Task Id="12335" UniqueId="1a255cb6-3ee8-f1a1-bdff-a435d9dc5683" Order="3" Number="1.0.2">
          <Text>Give the process a clear and descriptive title using the 'Verb First' rule</Text>
        </Task>
        <Guide Id="12870" UniqueId="95fd00bd-10db-d170-de32-edc3749f925a" Order="4" DocumentId="341" DocumentUniqueId="2afbce77-7cc4-4c74-b5e3-5e42e5b92294" UploadId="396" Number="">
          <Text>01.4 Super List of Verbs.docx</Text>
        </Guide>
        <Note Id="12336" UniqueId="3f2dcf81-1e70-123a-fa98-41bedeba81ec" Order="5" Number="">
          <Text>How long should the title be?</Text>
          <Attachment>Ensure the process title does not exceed 10 words (or 50 characters) to ensure a clarity</Attachment>
        </Note>
        <Note Id="12154" UniqueId="dcddff40-b82f-d4c3-1684-ebb913eb9a9a" Order="6" Number="">
          <Text>   Should all words in a name be capitalised?</Text>
          <Attachment>Major words should be capitalised, these include:     |~|- the first word   |~|- the last word   |~|- all verbs and nouns       |~||~|Short words should not be capitalised, these include:    |~|- articles (a, the)   |~|- prepositions (to, at, in, with, from)   |~||~|As a general rule is always capitalise the first word but not the second.  Examples: Sign-off, Go-live, E-mail, Up-to-date.|~|- conjunctions (and, but, or)</Attachment>
        </Note>
        <Task Id="12337" UniqueId="9ad49f63-fbb5-4630-f5a2-57dfcc0ea160" Order="7" Number="1.0.3">
          <Text>Add process reference number, if applicable </Text>
        </Task>
        <Note Id="12338" UniqueId="feb5e420-5785-0876-a586-6c44a7ce12ec" Order="8" Number="">
          <Ownerships>
            <Tag Id="45" Name="Promapp" IsDisassociated="false" TagFamilyId="3" TagFamilyName="System" IsSwimlaneParticipant="false" />
          </Ownerships>
          <Text>How is the process reference number determined?</Text>
          <Attachment>[To be determined by the organisation - Promapp does not generate or manage reference numbers. |~| This is purely an open text field] </Attachment>
        </Note>
        <Task Id="12339" UniqueId="f28db66b-4d8e-7906-0ec3-05c00e79e107" Order="9" Number="1.0.4">
          <Text>Record Process Owner and Process Expert   </Text>
        </Task>
        <Note Id="12340" UniqueId="588e973e-5130-939e-0ce7-e39b9f854d41" Order="10" Number="">
          <Text>Who is responsible for appointing the Process Owner and Expert?</Text>
          <Attachment>Appointment is assigned by [to be determined by the organisation e.g. Lead Process Champion(s)] following process scoping and prioritisation sessions.</Attachment>
        </Note>
        <Note Id="12341" UniqueId="7eb3ea8d-c586-33fa-143c-d27957f9f476" Order="11" Number="">
          <Text>  Who is the Process Owner?</Text>
          <Attachment>•	Responsible for ensuring process is effective and easy to understand|~|•	Maintains awareness of wider end to end process changes |~|•	Has the authority to approve process changes  </Attachment>
        </Note>
        <Note Id="12342" UniqueId="5ea7076f-1691-619f-fc8a-aeb28e41219c" Order="12" Number="">
          <Text>Who is the Process Expert?</Text>
          <Attachment>•	Subject matter expert|~|•	Responds to improvement ideas and feedback|~|•	Updates process for changes|~|•	Performs process reviews (with process owner)</Attachment>
        </Note>
        <Note Id="12343" UniqueId="540e8164-d18f-c9b9-c0d1-5109605d5a47" Order="13" Number="">
          <Text>   Can the Process Owner and Process Expert be the same person?</Text>
          <Attachment>Much better that they're not the same person!  One person is accountable (the Process Owner), one person is responsible (the Process Expert).  The responsible party reports activity to the accountable party, providing checks and controls on the process.</Attachment>
        </Note>
        <Task Id="12344" UniqueId="f70cde69-1fea-edac-57ac-6e7e3f420c45" Order="14" Number="1.0.5">
          <Text>Document process objective</Text>
        </Task>
        <Task Id="12345" UniqueId="fea08771-31e8-26b8-0420-b0bc2591a21d" Order="15" Number="1.0.6">
          <Text>Document process background, if applicable</Text>
        </Task>
        <Note Id="12346" UniqueId="a0f82af2-d676-6047-6b39-4673721f8c6b" Order="16" Number="">
          <Text>What type of information can be included in the process background?</Text>
          <Attachment>Why is this process required.  The context.  For example: 'Legislative requirements for carrying out the process'</Attachment>
        </Note>
      </ChildProcessProcedures>
    </Activity>
    <Activity Id="12173" UniqueId="32469682-f347-581c-ea1e-159e1e756dc9" Number="2.0" Order="17">
      <Text>Document the process boundaries</Text>
      <Ownerships>
        <Role Id="197" Name="Process Expert" IsVirtual="false" />
        <Role Id="196" Name="Process Owner" IsVirtual="false" />
      </Ownerships>
      <ProcessProcedureTimeframe TimeframeTypeId="-1" TimeframeType="" CycleTimeDisplay="-" LeadTimeDisplay="-" ProportionOfTimeInTotal="1.00000000000" />
      <ChildProcessProcedures>
        <Task Id="12174" UniqueId="08273839-b42a-5376-c3f1-9b8e0436e767" Order="18" Number="2.0.1">
          <Ownerships>
            <Tag Id="45" Name="Promapp" IsDisassociated="false" TagFamilyId="3" TagFamilyName="System" IsSwimlaneParticipant="false" />
          </Ownerships>
          <Text>Record triggers in Promapp</Text>
        </Task>
        <Note Id="12175" UniqueId="7d9c9b45-1a95-e588-6b0e-aca0aef619a3" Order="19" Number="">
          <Text>   What are triggers?</Text>
          <Attachment>An external influence that starts the process, either:     |~|1 - Another process   |~|2 - Time-bound (an interval, or a date)   |~|3 - Event-bound (a request for an activity)   |~|4 - Exception-bound (an alert, or exception from the usual process)</Attachment>
        </Note>
        <Task Id="12176" UniqueId="cc75c74f-1780-5cb7-0204-165bd57244ed" Order="20" Number="2.0.2">
          <Text>Record process inputs</Text>
        </Task>
        <Task Id="12177" UniqueId="cfc48d28-fc4a-e292-4e4f-4b0184e1ce4f" Order="21" Number="2.0.3">
          <Text>Record process outputs</Text>
        </Task>
        <Task Id="12178" UniqueId="34827f86-8aba-28c1-b44f-145f4e0707b7" Order="22" Number="2.0.4">
          <Text>Record performance measures</Text>
        </Task>
        <Note Id="12179" UniqueId="83375d7c-98e0-4cc9-4c74-83da3da39d3f" Order="23" Number="">
          <Text>   What are examples of KPIs?</Text>
          <Attachment>Customer Satisfaction, Staff Engagement, Financial Efficiency and Effectiveness Compliance (with organisation policies and legislation)</Attachment>
        </Note>
        <Task Id="12357" UniqueId="f2d3f532-0663-6b17-703f-cfad8189cd5b" Order="24" Number="2.0.5">
          <Text>Identify other processes forming inputs and outputs to this process, and attach to this process as Process Links</Text>
        </Task>
      </ChildProcessProcedures>
    </Activity>
    <Activity Id="12347" UniqueId="f16c5551-be39-8b88-ff3c-b3427caec2d5" Number="3.0" Order="25">
      <Text>Document process content</Text>
      <Ownerships>
        <Role Id="197" Name="Process Expert" IsVirtual="false" />
        <Role Id="196" Name="Process Owner" IsVirtual="false" />
      </Ownerships>
      <ProcessProcedureTimeframe TimeframeTypeId="-1" TimeframeType="" CycleTimeDisplay="-" LeadTimeDisplay="-" ProportionOfTimeInTotal="1.00000000000" />
      <ChildProcessProcedures>
        <Task Id="12348" UniqueId="ead17735-d4ef-ad62-83ea-cc49feac81f6" Order="26" Number="3.0.1">
          <Text>Document Activities to show the key steps in a process (What) using the 'Verb First' rule</Text>
        </Task>
        <Note Id="12349" UniqueId="80e61f91-2d98-b629-06a3-33b4f46d072d" Order="27" Number="">
          <Text> What is the length of an Activity?</Text>
          <Attachment>The Activity should be 3-6 words and sum up the below tasks.  It can accommodate 54 alpha-numeric characters (including spaces). If an Activity name is longer, the extra characters will not be viewable.</Attachment>
        </Note>
        <Note Id="12356" UniqueId="4368fc7f-4bfd-1e59-f12a-e5c80de85f60" Order="28" Number="">
          <Text>      When to use a Process v Activity?</Text>
          <Attachment>Use of a Process v Activity depends on the level of detail/complexity associated with an item.  If an Activity has more than 10 tasks, you should consider either breaking that Activity into more than 1 Activity or consider if a Process is required.</Attachment>
        </Note>
        <Note Id="12352" UniqueId="dcd19a13-d512-ca27-1f94-1b3a1752009e" Order="29" Number="">
          <Text>What if a process has more than 10 Activities?</Text>
          <Attachment>- determine if your existing Activities can be further grouped, or |~|- chunk / break your process into sub-processes</Attachment>
        </Note>
        <Task Id="12355" UniqueId="5e50cb1e-a989-5384-cef2-77dd090e3a26" Order="30" Number="3.0.2">
          <Text>Use upper case to name each Activity’ e.g. ‘Review Business Case’</Text>
        </Task>
        <Task Id="12350" UniqueId="0ee74b7e-edc0-31f0-441b-a7c30d7b7e5f" Order="31" Number="3.0.3">
          <Text>Document the Tasks to describe how to carry out the key steps (How)</Text>
        </Task>
        <Task Id="12351" UniqueId="3fc96207-d3dd-dc77-0469-2a8afeba4e12" Order="32" Number="3.0.4">
          <Text>Maximise the number of Tasks to 10    </Text>
        </Task>
        <Task Id="12353" UniqueId="de77243b-922e-90ab-12b3-55948a268772" Order="33" Number="3.0.5">
          <Text>Use statements like “when needed”, “if required” and “if appropriate” to simplify the process</Text>
        </Task>
        <Task Id="12354" UniqueId="ff63ec4e-c63f-6afd-de96-2a902a38e617" Order="34" Number="3.0.6">
          <Text>Use ‘Parallel Activity’ to choose from two or more activities - often used for ‘Either / Or’ scenarios or where two activities happen simultaneously</Text>
        </Task>
        <Note Id="12358" UniqueId="dd6a9f2f-60be-07ba-6d61-b061449bf10b" Order="35" Number="">
          <Text>   When to use a Parallel Process v Parallel Activity Link?</Text>
          <Attachment>The level of detail/complexity and whether the steps are shared by a number of different processes determines whether you would use Processes versus Activities. There is no point creating a process for something that only has a couple of steps, but equally if Activities are shared across processes then creating a sub-process for these steps allows the same content to be linked to multiple processes.</Attachment>
        </Note>
      </ChildProcessProcedures>
    </Activity>
    <Activity Id="12194" UniqueId="aa71b6a1-1778-7422-a2f8-7293c1280b50" Number="4.0" Order="36">
      <Text>Use Notes to document exceptions or capture additional background</Text>
      <Ownerships>
        <Role Id="197" Name="Process Expert" IsVirtual="false" />
        <Role Id="196" Name="Process Owner" IsVirtual="false" />
      </Ownerships>
      <ProcessProcedureTimeframe TimeframeTypeId="-1" TimeframeType="" CycleTimeDisplay="-" LeadTimeDisplay="-" ProportionOfTimeInTotal="1.00000000000" />
      <ChildProcessProcedures>
        <Task Id="12196" UniqueId="f27dbf2c-e63f-642d-12c0-8810dd1edb46" Order="37" Number="4.0.1">
          <Text>Make all Note titles a question e.g. ‘What if not approved?’</Text>
        </Task>
        <Task Id="12197" UniqueId="d031e23d-9119-def4-aacb-670c96233e53" Order="38" Number="4.0.2">
          <Text>Use a Process link within a Note to provide a link to a process that will be followed if the exception being Noted is true</Text>
        </Task>
        <Note Id="12195" UniqueId="9a0f18ea-468c-5dee-d784-d3a598f5ff3f" Order="39" Number="">
          <Text>  When should I use a Note?</Text>
          <Attachment>- background explanations |~|- exceptions to a process i.e. things that occur less than 20% of the time |~|- to replace decision boxes |~|- ‘what if’ scenarios that may be useful to end users</Attachment>
        </Note>
      </ChildProcessProcedures>
    </Activity>
    <Activity Id="12198" UniqueId="777924b3-8c35-d146-fb52-c7d12faf1ff1" Number="5.0" Order="40">
      <Text>Use @todo to mark content that you need to come back to complete</Text>
      <Ownerships>
        <Role Id="197" Name="Process Expert" IsVirtual="false" />
        <Role Id="196" Name="Process Owner" IsVirtual="false" />
      </Ownerships>
      <ProcessProcedureTimeframe TimeframeTypeId="-1" TimeframeType="" CycleTimeDisplay="-" LeadTimeDisplay="-" ProportionOfTimeInTotal="1.00000000000" />
      <ChildProcessProcedures>
        <Task Id="12199" UniqueId="12477954-29b9-2cfa-926a-7345884c0443" Order="41" Number="5.0.1">
          <Text>Add an @todo anywhere in an Activity, Task or Note to identify areas that need addressing</Text>
        </Task>
        <Note Id="12200" UniqueId="40b1e4ef-4fd9-b185-ff3f-e2aff968521d" Order="42" Number="">
          <Text>Where does the @todo go?</Text>
          <Attachment>@todo tags appear in the process map view and the dashboard of the person who entered the text.  A report can also be generated that shows a list of all @todo items. </Attachment>
        </Note>
        <Task Id="12201" UniqueId="cadcf245-fbf7-e34b-0fcf-e6aa96c1a006" Order="43" Number="5.0.2">
          <Text>Reassign @todo items if that action is required to be carried out by someone else @todo attach screenshot on how to do this</Text>
        </Task>
        <Note Id="12202" UniqueId="6e9a2aa4-8ace-3797-407c-afbec3fe1823" Order="44" Number="">
          <Text>Do @todo items need to be removed before publishing?</Text>
          <Attachment>[to be determined by the organisation] </Attachment>
        </Note>
      </ChildProcessProcedures>
    </Activity>
    <Activity Id="12203" UniqueId="a579bacb-5845-ce39-6b6e-b584485a477e" Number="6.0" Order="45" ParallelGroupingRef="1">
      <Text>Attach documents to provide additional information or resources</Text>
      <Ownerships>
        <Role Id="197" Name="Process Expert" IsVirtual="false" />
        <Role Id="196" Name="Process Owner" IsVirtual="false" />
      </Ownerships>
      <ProcessProcedureTimeframe TimeframeTypeId="-1" TimeframeType="" CycleTimeDisplay="-" LeadTimeDisplay="-" ProportionOfTimeInTotal="1.00000000000" />
      <ChildProcessProcedures>
        <Task Id="12205" UniqueId="64a39a58-62e8-8aa1-2c2b-d2133f1f66d5" Order="46" Number="6.0.1">
          <Text>Create document as per 'Document Creation Policy' [to be determined by organisation]</Text>
        </Task>
        <Task Id="12206" UniqueId="3dad5b0f-552e-170f-341f-0584bcea1080" Order="47" Number="6.0.2">
          <Ownerships>
            <Tag Id="45" Name="Promapp" IsDisassociated="false" TagFamilyId="3" TagFamilyName="System" IsSwimlaneParticipant="false" />
          </Ownerships>
          <Text>Upload directly to Promapp [document approval can be turned on depending on the organisation's requirements]</Text>
        </Task>
        <Task Id="12871" UniqueId="8a66d7d6-937c-d3d9-653a-3d986c5b87ff" Order="48" Number="6.0.3">
          <Text>Choose appropriate category for the document</Text>
        </Task>
        <Note Id="12872" UniqueId="2410cba5-7e38-e36a-2ca5-c78615a2c3c2" Order="49" Number="">
          <Text>What types of documents should be linked?</Text>
          <Attachment>- Form = for business forms that will be filled in as part of the process|~|- Guide = for step by step instructional documents with graphical tips on using a system|~|- Information = for documents that don't fit the other types or example documents that might be attached to a process |~|- Policy = for policy documents containing approved business rules|~|- Training = for training materials|~|- Image = for pictures that are useful in explaining how to perform an activity or a task|~|- Video = for videos that are useful in explaining how to perform an activity or a task|~|- Weblink = for quick access to websites/systems relevant to the process</Attachment>
        </Note>
        <Task Id="12207" UniqueId="0acccbbe-ffda-c266-5253-eadac3409b7f" Order="50" Number="6.0.4">
          <Ownerships>
            <Tag Id="45" Name="Promapp" IsDisassociated="false" TagFamilyId="3" TagFamilyName="System" IsSwimlaneParticipant="false" />
          </Ownerships>
          <Text>Attach document already uploaded to Promapp to the individual process maps</Text>
        </Task>
        <Note Id="12208" UniqueId="7e7cf51a-4294-8c31-d4ff-53b18a767026" Order="51" Number="">
          <Ownerships>
            <Tag Id="45" Name="Promapp" IsDisassociated="false" TagFamilyId="3" TagFamilyName="System" IsSwimlaneParticipant="false" />
          </Ownerships>
          <Text>Why is this required?</Text>
          <Attachment>This ensures that documents remain controlled and centralised in Promapp</Attachment>
        </Note>
        <Note Id="12873" UniqueId="3836296b-3d45-b43a-7210-874abc8df0c0" Order="52" Number="">
          <Text>What types of documents should be attached?</Text>
          <Attachment>[to be determined by organisation]</Attachment>
        </Note>
      </ChildProcessProcedures>
    </Activity>
    <Activity Id="12209" UniqueId="2c703a2b-6c01-c4b3-2103-ef52f7abb9c4" Number="6.1" Order="53" ParallelGroupingRef="1">
      <Text>Link document to provide additional information or resources</Text>
      <Ownerships>
        <Role Id="197" Name="Process Expert" IsVirtual="false" />
        <Role Id="196" Name="Process Owner" IsVirtual="false" />
      </Ownerships>
      <ProcessProcedureTimeframe TimeframeTypeId="-1" TimeframeType="" CycleTimeDisplay="-" LeadTimeDisplay="-" ProportionOfTimeInTotal="1.00000000000" />
      <ChildProcessProcedures>
        <Task Id="12211" UniqueId="868b2046-b31d-859d-134a-86470334ac65" Order="54" Number="6.1.1">
          <Text>Create document as per 'Document Creation Policy' [to be determined by organisation]</Text>
        </Task>
        <Task Id="12212" UniqueId="1ccf973e-33bc-186f-9c97-475f8a05eeff" Order="55" Number="6.1.2">
          <Text>Save document in DMS [to be determined by organisation]</Text>
        </Task>
        <Task Id="12213" UniqueId="13ab4578-f9e7-1955-7046-7b65327ff5af" Order="56" Number="6.1.3">
          <Ownerships>
            <Tag Id="45" Name="Promapp" IsDisassociated="false" TagFamilyId="3" TagFamilyName="System" IsSwimlaneParticipant="false" />
          </Ownerships>
          <Text>Link the document link from the DMS to the process in Promapp [how to do this depends on DMS]</Text>
        </Task>
        <Note Id="12874" UniqueId="d2728925-7ec6-5444-b3dd-d8b3729d8108" Order="57" Number="">
          <Text>What types of documents should be linked?</Text>
          <Attachment>[to be determined by organisation]</Attachment>
        </Note>
        <Task Id="12214" UniqueId="becd6f4d-01ae-4cbb-f3db-fe5669a7f8de" Order="58" Number="6.1.4">
          <Text>Choose appropriate category for the document</Text>
        </Task>
        <Note Id="12875" UniqueId="b317fc8f-4d0f-b289-f912-dd87b273301b" Order="59" Number="">
          <Text>What do the document categories relate to?</Text>
          <Attachment>- Form = for business forms that will be filled in as part of the process|~|- Guide = for step by step instructional documents with graphical tips on using a system|~|- Information = for documents that don't fit the other types or example documents that might be |~|                        attached to a process |~|- Policy = for policy documents containing approved business rules|~|- Training = for training materials|~|- Image = for pictures that are useful in explaining how to perform an activity or a task|~|- Video = for videos that are useful in explaining how to perform an activity or a task|~|- Weblink = for quick access to websites/systems relevant to the process</Attachment>
        </Note>
        <Note Id="12215" UniqueId="badc0671-86e5-81f9-df74-4518db3c4750" Order="60" Number="">
          <Ownerships>
            <Tag Id="45" Name="Promapp" IsDisassociated="false" TagFamilyId="3" TagFamilyName="System" IsSwimlaneParticipant="false" />
          </Ownerships>
          <Text>Are any documents able to be uploaded/stored in Promapp?</Text>
          <Attachment>[to be determined by organisation] |~|E.g. No physical documents are to be uploaded to the Promapp system.</Attachment>
        </Note>
      </ChildProcessProcedures>
    </Activity>
    <Activity Id="12216" UniqueId="90ff69f8-1e0a-933b-f99d-098c2e8f85c8" Number="7.0" Order="61">
      <Text>Add lean tags as required</Text>
      <Ownerships>
        <Role Id="197" Name="Process Expert" IsVirtual="false" />
        <Role Id="196" Name="Process Owner" IsVirtual="false" />
        <Role Id="226" Name="Promaster" IsVirtual="true" />
      </Ownerships>
      <ProcessProcedureTimeframe TimeframeTypeId="-1" TimeframeType="" CycleTimeDisplay="-" LeadTimeDisplay="-" ProportionOfTimeInTotal="1.00000000000" />
      <ChildProcessProcedures>
        <Note Id="12217" UniqueId="3c9161dc-4b6f-5561-95fd-19ea2894d04d" Order="62" Number="">
          <Text>What are lean tags</Text>
          <Attachment>Lean tags can be used in a process to indicate which steps of the process add value or are waste etc. </Attachment>
        </Note>
        <Task Id="12218" UniqueId="fb32ff05-45ba-32ac-b483-891f2a0b953f" Order="63" Number="7.0.1">
          <Text>Add lean tags when [to be determined by organisation]</Text>
        </Task>
      </ChildProcessProcedures>
    </Activity>
    <Activity Id="12219" UniqueId="3cbba8ef-0546-f086-3df4-537d9ee67cfd" Number="8.0" Order="64">
      <Text>Add links to interrelated processes as inputs, outputs or as part of process </Text>
      <Ownerships>
        <Role Id="197" Name="Process Expert" IsVirtual="false" />
        <Role Id="196" Name="Process Owner" IsVirtual="false" />
      </Ownerships>
      <ProcessProcedureTimeframe TimeframeTypeId="-1" TimeframeType="" CycleTimeDisplay="-" LeadTimeDisplay="-" ProportionOfTimeInTotal="1.00000000000" />
      <ChildProcessProcedures>
        <Task Id="12220" UniqueId="3f1f956a-e430-caf2-6f8f-ff3e573bae7e" Order="65" Number="8.0.1">
          <Text>Use 'Add Link' to link to other processes from within your process</Text>
        </Task>
        <Note Id="12876" UniqueId="90f18fb7-0be2-af7d-95cb-4b396ae47b6e" Order="66" Number="">
          <Text>When to use 'Process' link?</Text>
          <Attachment>Tto link processes that follow on from each other in sequence as part of an overall ‘end to end’ process</Attachment>
        </Note>
        <Note Id="12877" UniqueId="e550e512-ce5a-01dc-5565-a31fefe126c0" Order="67" Number="">
          <Text>When to use 'Parallel Process' link?</Text>
          <Attachment>To choose from two or more processes - often used for ‘Either / Or’ scenarios or where two processes happen simultaneously</Attachment>
        </Note>
        <Note Id="12878" UniqueId="2e71dd5c-be22-c06a-ded6-abce4e270b5c" Order="68" Number="">
          <Text>When to use 'Conditional' link?</Text>
          <Attachment>To provide an ‘If Needed’ link e.g. ‘Credit Check’ may only need to be performed under some circumstances</Attachment>
        </Note>
        <Note Id="12879" UniqueId="c4728618-a8c8-7355-3e4e-7dd7acc8770c" Order="69" Number="">
          <Text>When to use 'Decision' link? [this can be turned off - to be determined by organisation] </Text>
          <Attachment>To provide a traditional decision box for ‘major decisions’ or very high risk decisions (where the outcome of the decision takes you to another process)|~||~|Only use Decision Links for ‘major decisions’ - instead of using Decision Links consider using:   - Notes to capture situations that happen in 20% or less of the time  - Parallel Activity or Parallel Process Links to show either / or situations  - Conditional Link to show 'what if' step</Attachment>
        </Note>
      </ChildProcessProcedures>
    </Activity>
    <Activity Id="12226" UniqueId="7d3b5a28-258a-b5d3-3318-6ac82e0f1277" Number="9.0" Order="70">
      <Text>Review RACI and add additional stakeholders, if relevant</Text>
      <Ownerships>
        <Role Id="197" Name="Process Expert" IsVirtual="false" />
        <Role Id="196" Name="Process Owner" IsVirtual="false" />
      </Ownerships>
      <ProcessProcedureTimeframe TimeframeTypeId="-1" TimeframeType="" CycleTimeDisplay="-" LeadTimeDisplay="-" ProportionOfTimeInTotal="1.00000000000" />
      <ChildProcessProcedures>
        <Task Id="12227" UniqueId="8bd337a4-6ffc-6aa2-e265-a93f7527bc2a" Order="71" Number="9.0.1">
          <Text>Review RACI to identify who will be notified about the process</Text>
        </Task>
        <Note Id="12228" UniqueId="27fb5fc3-a9cf-c6e5-3d8c-cd3974e21dc5" Order="72" Number="">
          <Text>What does RACI stand for and how is it populated?</Text>
          <Attachment>- Responsible:  Roles/Responsibilities assigned to Activities in the process.|~|- Accountable: Process Owner and Process Expert|~|- Consulted: Stakeholders from linked processes and any other additional stakeholders that you would like to be notified via dashboard notification|~|- Informed: System stakeholders|~|</Attachment>
        </Note>
        <Task Id="12229" UniqueId="e9d8ef1a-256f-1ffc-7ce9-7b2c334fd48b" Order="73" Number="9.0.2">
          <Text>Add additional stakeholders not already included in the RACI under the ‘Consulted’ tab</Text>
        </Task>
      </ChildProcessProcedures>
    </Activity>
    <Activity Id="12230" UniqueId="fc404476-71df-60b4-7b9c-e43e705965e8" Number="10.0" Order="74" ParallelGroupingRef="3">
      <Text>Check relevant terms / acronyms have been included in the Promapp Glossary</Text>
      <Ownerships>
        <Tag Id="45" Name="Promapp" IsDisassociated="false" TagFamilyId="3" TagFamilyName="System" IsSwimlaneParticipant="false" />
        <Role Id="197" Name="Process Expert" IsVirtual="false" />
        <Role Id="196" Name="Process Owner" IsVirtual="false" />
        <Role Id="226" Name="Promaster" IsVirtual="true" />
      </Ownerships>
      <ProcessProcedureTimeframe TimeframeTypeId="-1" TimeframeType="" CycleTimeDisplay="-" LeadTimeDisplay="-" ProportionOfTimeInTotal="1.00000000000" />
      <ChildProcessProcedures>
        <Note Id="12231" UniqueId="9202ffe5-f399-0368-c35e-93a905e51492" Order="75" Number="">
          <Ownerships>
            <Tag Id="45" Name="Promapp" IsDisassociated="false" TagFamilyId="3" TagFamilyName="System" IsSwimlaneParticipant="false" />
          </Ownerships>
          <Text>What is the Promapp Glossary?</Text>
          <Attachment>The Promapp Glossary is used to provide definitions for acronyms, abbreviations or commonly used terms which are specific and/or used widely at our organisation. These definitions are then displayed when you hover over the term from the Process Map or Procedure.</Attachment>
        </Note>
        <Task Id="12232" UniqueId="ba73a00a-ec14-d87f-790f-de08a71d55ee" Order="76" Number="10.0.1">
          <Text>View the glossary to see if the term has already been included @todo attach screenshot on how to do this</Text>
        </Task>
        <Task Id="12233" UniqueId="d5cfe797-faeb-8211-1eed-d8e50ad44b27" Order="77" Number="10.0.2">
          <Text>Add glossary item OR request glossary item be added [to be determined by the organisation]</Text>
        </Task>
      </ChildProcessProcedures>
    </Activity>
    <Activity Id="12234" UniqueId="df5d9277-b028-4b97-0559-edcc524d15c6" Number="10.1" Order="78" ParallelGroupingRef="3">
      <Text>Check systems are being captured</Text>
      <Ownerships>
        <Role Id="197" Name="Process Expert" IsVirtual="false" />
        <Role Id="196" Name="Process Owner" IsVirtual="false" />
        <Role Id="226" Name="Promaster" IsVirtual="true" />
      </Ownerships>
      <ProcessProcedureTimeframe TimeframeTypeId="-1" TimeframeType="" CycleTimeDisplay="-" LeadTimeDisplay="-" ProportionOfTimeInTotal="1.00000000000" />
      <ChildProcessProcedures>
        <Note Id="12235" UniqueId="36299fba-6a6e-eb8e-7c96-3efeaeec33c2" Order="79" Number="">
          <Text>What is a system tag?</Text>
          <Attachment>System tagging allows users identify where systems are used within a process.  </Attachment>
        </Note>
        <Task Id="12236" UniqueId="508af613-00d1-1d47-8bdf-fb57c31c295f" Order="80" Number="10.1.1">
          <Text>Ensure you have specified when you use a system as part of the process</Text>
        </Task>
        <Note Id="12237" UniqueId="4c61f989-5f7a-8a5a-a833-b6037dd7251e" Order="81" Number="">
          <Text>How do you know if the system has been tagged?</Text>
          <Attachment>It will be underlined @todo attach a screenshot</Attachment>
        </Note>
        <Task Id="12238" UniqueId="670268fc-8c98-188a-9bc4-b3f1e3c46b21" Order="82" Number="10.1.2">
          <Text>Add system tag OR request system tag to be added [to be determined by the organisation]</Text>
        </Task>
        <Note Id="12239" UniqueId="008109cd-2ed6-bfde-7e3c-46fb18f0b985" Order="83" Number="">
          <Text>Who can create a system tag?</Text>
          <Attachment>[to be determined by the organisation and configured by Promaster]</Attachment>
        </Note>
      </ChildProcessProcedures>
    </Activity>
    <Activity Id="12240" UniqueId="788af530-586e-2dd9-2b9b-d2f9c5201262" Number="11.0" Order="84">
      <Text>Review process as per good process writing techniques</Text>
      <Ownerships>
        <Role Id="197" Name="Process Expert" IsVirtual="false" />
        <Role Id="196" Name="Process Owner" IsVirtual="false" />
      </Ownerships>
      <ProcessProcedureTimeframe TimeframeTypeId="-1" TimeframeType="" CycleTimeDisplay="-" LeadTimeDisplay="-" ProportionOfTimeInTotal="1.00000000000" />
      <ChildProcessProcedures>
        <Task Id="12241" UniqueId="b4d7f84e-af3d-af04-8dac-c0215827bc9c" Order="85" Number="11.0.1">
          <Text>Ensure process maps are simple and easy to comprehend</Text>
        </Task>
        <Task Id="12242" UniqueId="36ee5d2b-83db-eeb0-73dd-0b93f272266e" Order="86" Number="11.0.2">
          <Text>Distinguish the 'usual' or 'normal' process from variations</Text>
        </Task>
        <Task Id="12243" UniqueId="a9e481b0-5af6-1722-5300-b11babf07360" Order="87" Number="11.0.3">
          <Text>Give the right content the right prominence</Text>
        </Task>
        <Information Id="12880" UniqueId="88980905-9883-00df-263e-3653b97f6868" Order="88" DocumentId="330" DocumentUniqueId="c929b4fc-97f8-4075-9aa4-a2b8498aad7d" UploadId="388" Number="">
          <Text>Process Review Checklist - 2017.xlsx</Text>
        </Information>
      </ChildProcessProcedures>
    </Activity>
    <ProcessLink Id="13038" UniqueId="f66c3f76-bcbe-7592-3134-0981cd8e6ae1" Number="0.0" Order="89" LinkedProcessId="491" LinkedProcessName="Manage Processes" LinkedProcessUniqueId="913506b8-1e24-4c62-9c55-ffb0ad3b69d9">
      <Text>Manage Processes</Text>
      <Ownerships>
        <Role Id="229" Name="Lead Process Champion" IsVirtual="true" />
      </Ownerships>
      <ProcessProcedureTimeframe TimeframeTypeId="-1" TimeframeType="" CycleTimeDisplay="-" LeadTimeDisplay="-" ProportionOfTimeInTotal="1.00000000000" />
    </ProcessLink>
  </ProcessProcedures>
  <SearchKeywords />
  <Outputs />
  <LinkedStakeholders>
    <LinkedStakeholder ProcessId="491" Link="Manage Processes" Owner="Tas Fountis" Expert="Tas Fountis" ProcessGroup="Process Management" />
    <LinkedStakeholder ProcessId="482" Link="Manage Processes - draft" Owner="Tas Fountis" Expert="Tas Fountis" ProcessGroup="Process Management" />
    <LinkedStakeholder ProcessId="511" Link="Manage Processes with PAW" Owner="Tas Fountis" Expert="Tas Fountis" ProcessGroup="Process Management" />
  </LinkedStakeholders>
  <Stakeholders />
  <Approvals />
  <SystemStakeholders>
    <User Id="1049" FirstName="Tas" LastName="Fountis" Name="Tas Fountis" />
  </SystemStakeholders>
  <Targets />
  <Timeframe TotalCycleTimeDisplay="-" TotalLeadTimeDisplay="-" ProcessTotalCost="0.0000" />
  <RiskControls />
  <Metadata>
    <ProcessXmlGenerationOptions>
      <StubProcesses>false</StubProcesses>
    </ProcessXmlGenerationOptions>
    <MetadataItem Name="GenerationDate" Value="2020-02-23T20:14:56.1258574Z" />
    <MetadataItem Name="CachedOn" Value="2020-02-23T20:14:56.1258574Z" />
  </Metadata>
</Process>