<Process Id="491" Name="Manage Processes" ReferenceNo="" Objective="To outline how processes are managed, including how they are to be created, improved and updated on an ongoing basis." IsTouchModeEnabled="false" IsTextModeOn="false" UseDynamicMapperImage="true" Background="This process represents the organisation's Process Management Framework" Owner="Tas Fountis" OwnerId="1049" Expert="Tas Fountis" ExpertId="1049" Group="Process Management" GroupId="160" GroupUniqueId="5b3df276-ae45-425d-ac12-44579664da30" State="Active" StateId="1" Version="11.0" PromappVersion="4.8.0.24" UniqueId="913506b8-1e24-4c62-9c55-ffb0ad3b69d9" IsPolicyModeOn="false" IsVirtualVariation="false">
  <ProcessGroupItems>
    <ProcessGroup Id="160" UniqueId="5b3df276-ae45-425d-ac12-44579664da30" Name="Process Management" ProcessGroupItemId="5643" />
  </ProcessGroupItems>
  <Triggers />
  <Inputs />
  <ProcessProcedures>
    <Activity Id="12584" UniqueId="33c08125-405b-416a-9a8e-a9e9aae67972" Number="1.0" Order="0">
      <Text>Identify processes and develop deployment plan</Text>
      <Ownerships>
        <Role Id="223" Name="Active Process Champions" IsVirtual="true" />
        <Role Id="229" Name="Lead Process Champion" IsVirtual="true" />
        <Role Id="257" Name="Process Group Owner" IsVirtual="true" />
      </Ownerships>
      <ProcessProcedureTimeframe TimeframeTypeId="-1" TimeframeType="" CycleTimeDisplay="-" LeadTimeDisplay="-" ProportionOfTimeInTotal="1.00000000000" />
      <ChildProcessProcedures>
        <Task Id="12585" UniqueId="cd318312-1020-465b-8b85-d8af10f4f206" Order="1" Number="1.0.1">
          <Text>Run scoping session with relevant staff to identify processes to be mapped </Text>
        </Task>
        <Information Id="12586" UniqueId="603d9245-e663-4b45-ada6-410f55e1a7a9" Order="2" DocumentId="329" DocumentUniqueId="918a13c3-d21b-46bf-bf29-3f0e6cc470ed" UploadId="391" Number="">
          <Text>Scoping Output Template - 2017.xls</Text>
        </Information>
        <Note Id="12587" UniqueId="c2659411-fb1a-4a37-9d64-748a20b40a5a" Order="3" Number="">
          <Text>Who is responsible for scoping processes?</Text>
          <Attachment>To be determined by the organisation</Attachment>
        </Note>
        <Task Id="12588" UniqueId="9fbb895c-9b7e-42d8-813f-c3a42af4ba74" Order="4" Number="1.0.2">
          <Text>Develop deployment plan based on process identified in the scoping exercise </Text>
        </Task>
        <Information Id="12589" UniqueId="bacad819-5336-4227-a8d8-acd7bb129cfd" Order="5" DocumentId="328" DocumentUniqueId="9673eee7-0b51-4686-bdb3-25d507971581" UploadId="390" Number="">
          <Ownerships>
            <Tag Id="45" Name="Promapp" IsDisassociated="false" TagFamilyId="3" TagFamilyName="System" IsSwimlaneParticipant="false" />
          </Ownerships>
          <Text>Promapp Deployment Plan - template.docx</Text>
        </Information>
        <Note Id="12590" UniqueId="6b7f1269-4ac0-4d31-bf73-84322e3f063a" Order="6" Number="">
          <Text>Who is responsible for developing the deployment plan?</Text>
          <Attachment>To be determined by the organisation</Attachment>
        </Note>
        <Task Id="12591" UniqueId="f7bee787-f675-43f8-bb55-894a92a9e5d8" Order="7" Number="1.0.3">
          <Text>Provide 'Expert' training to all staff required to map the process (i.e. Process Owners and Experts)</Text>
        </Task>
      </ChildProcessProcedures>
    </Activity>
    <Activity Id="12592" UniqueId="f591a34e-91da-4768-a5a3-5c2ecc1c02cd" Number="2.0" Order="8">
      <Text>Draft a new process</Text>
      <Ownerships>
        <Role Id="197" Name="Process Expert" IsVirtual="false" />
        <Role Id="196" Name="Process Owner" IsVirtual="false" />
      </Ownerships>
      <ProcessProcedureTimeframe TimeframeTypeId="-1" TimeframeType="" CycleTimeDisplay="-" LeadTimeDisplay="-" ProportionOfTimeInTotal="1.00000000000" />
      <ChildProcessProcedures>
        <Task Id="12593" UniqueId="52804efa-d6b6-4cbe-b649-fe651b9de839" Order="9" Number="2.0.1">
          <Text>Consult SMEs during drafting stage</Text>
        </Task>
        <Note Id="12594" UniqueId="8a3169bb-38ac-4b0f-93b4-667e9b8d63c2" Order="10" Number="">
          <Text>What if the process impacts or involves employee conditions, employee benefits or disciplinary actions?</Text>
          <Attachment>The HR team must be included as a stakeholder in the drafting process.</Attachment>
        </Note>
        <Task Id="12595" UniqueId="25a395af-3edb-498c-bc66-c13a54490520" Order="11" Number="2.0.2">
          <Text>Create process map based on best practice process writing techniques outline in the organisation's Process Creation Rulebook </Text>
        </Task>
        <Guide Id="12596" UniqueId="382e8339-2215-4cfa-93d2-0c391d9a60e0" Order="12" DocumentId="336" DocumentUniqueId="c7e6502e-1f7b-47f0-a475-1bc8526d6011" UploadId="387" Number="">
          <Text>Governance - Process Creation Rulebook v3.52.docx</Text>
        </Guide>
        <Task Id="12597" UniqueId="f31d6384-da9a-4a23-8984-d8c5318d0ad5" Order="13" Number="2.0.3">
          <Text>Review new process using the Process Review Checklist</Text>
        </Task>
        <Information Id="12598" UniqueId="31123829-9f54-4aaf-9b61-e7a757ce5098" Order="14" DocumentId="330" DocumentUniqueId="c929b4fc-97f8-4075-9aa4-a2b8498aad7d" UploadId="388" Number="">
          <Text>Process Review Checklist - 2017.xlsx</Text>
        </Information>
        <Task Id="12599" UniqueId="d0ebddd4-3661-477f-bb31-523f0b8ed863" Order="15" Number="2.0.4">
          <Text>Share draft process with relevant stakeholders for feedback via the minimode link prior to publishing the process</Text>
        </Task>
        <Image Id="12600" UniqueId="6d0274f5-1ee9-405d-aa18-34ac5be6db94" Order="16" DocumentId="333" DocumentUniqueId="d599c6db-7d57-448d-ab32-2277f7682214" UploadId="385" Number="">
          <Text>How to publish (non-PAW) - screenshot.png</Text>
        </Image>
        <Note Id="12601" UniqueId="8c5d63b2-0040-4c93-ad12-7c168fa63378" Order="17" Number="">
          <Text>Does a process need to be published before it can be shared via minimode?</Text>
          <Attachment>No, you can share a process minimode link for 'In Progress' processes.</Attachment>
        </Note>
        <Task Id="12602" UniqueId="8b5701fb-c876-416e-a184-2a4e3851bab3" Order="18" Number="2.0.5">
          <Text>Send draft process for approval [to be determined by the organisation] </Text>
        </Task>
      </ChildProcessProcedures>
    </Activity>
    <OrphanProcessLink Id="12603" UniqueId="bb757b84-3f41-4c68-a191-00407af91ecf" Number="0.0" Order="19" LinkedProcessId="484" LinkedProcessName="Create a Process in Promapp" LinkedProcessUniqueId="1b7be4a0-3f2c-49ca-9f8f-3d52e5baf4fc">
      <Text>Create a Process in Promapp</Text>
      <Ownerships>
        <Role Id="197" Name="Process Expert" IsVirtual="false" />
        <Role Id="196" Name="Process Owner" IsVirtual="false" />
      </Ownerships>
      <ProcessProcedureTimeframe TimeframeTypeId="-1" TimeframeType="" CycleTimeDisplay="-" LeadTimeDisplay="-" ProportionOfTimeInTotal="0.00000000000" />
    </OrphanProcessLink>
    <Activity Id="12604" UniqueId="e37fa159-8bf4-496f-8bd7-930a7cf2e350" Number="3.0" Order="20">
      <Text>Approve, publish and communicate new process </Text>
      <Ownerships>
        <Role Id="197" Name="Process Expert" IsVirtual="false" />
        <Role Id="196" Name="Process Owner" IsVirtual="false" />
      </Ownerships>
      <ProcessProcedureTimeframe TimeframeTypeId="-1" TimeframeType="" CycleTimeDisplay="-" LeadTimeDisplay="-" ProportionOfTimeInTotal="1.00000000000" />
      <ChildProcessProcedures>
        <Task Id="12605" UniqueId="dbc36861-0229-4b94-9e5a-161f1a46e648" Order="21" Number="3.0.1">
          <Text>Review feedback provided by peer review and make changes as required</Text>
        </Task>
        <Task Id="12606" UniqueId="a2c32295-24ae-4960-ac15-18e7d02f199f" Order="22" Number="3.0.2">
          <Text>Approve process prior to publishing [to be determined by the organisation]</Text>
        </Task>
        <Task Id="12607" UniqueId="8ed5dbd4-84ea-4c2c-befb-c179267f529a" Order="23" Number="3.0.3">
          <Text>Publish process </Text>
        </Task>
        <Image Id="12608" UniqueId="2ba9afe9-7b96-450f-b16c-1b451ddae0b2" Order="24" DocumentId="333" DocumentUniqueId="d599c6db-7d57-448d-ab32-2277f7682214" UploadId="385" Number="">
          <Text>How to publish (non-PAW) - screenshot.png</Text>
        </Image>
        <Note Id="12609" UniqueId="7cb9a52f-8865-4a26-b09b-953218945b69" Order="25" Number="">
          <Text>Who will be notified of the new process?</Text>
          <Attachment>Relevant stakeholders will be notified via 'My Dashboard'</Attachment>
        </Note>
        <Image Id="12610" UniqueId="f68e8889-c246-4c1b-8e8d-9a0344b741ff" Order="26" DocumentId="334" DocumentUniqueId="c052689c-3005-4620-8023-b9a0a41efd1e" UploadId="386" Number="">
          <Text>New process notification - screenshot.png</Text>
        </Image>
        <Task Id="12611" UniqueId="6d7f6f07-2383-44e7-a18f-62bbaf0b1fd1" Order="27" Number="3.0.4">
          <Text>Issue additional communication as required [Communications plan can be linked here - to be determined by the organisation]</Text>
        </Task>
        <Note Id="12612" UniqueId="3b02c19a-56ff-4534-9bee-07583bbd90b2" Order="28" Number="">
          <Text>When is additional communication required?</Text>
          <Attachment>It is up to the discretion of the Process Owner/Process Group Champion [to be determined by the organisation] as to whether additional communications is required in relation to new processes.  This communication will be required to be coordinated manually and can take the form of email / cross department launch etc.</Attachment>
        </Note>
      </ChildProcessProcedures>
    </Activity>
    <Activity Id="12613" UniqueId="23f7e87b-74fe-4ced-9b08-219a36a27002" Number="4.0" Order="29">
      <Text>Submit improvement feedback to the process</Text>
      <Ownerships>
        <Role Id="3" Name="ALL STAFF" IsVirtual="false" />
      </Ownerships>
      <ProcessProcedureTimeframe TimeframeTypeId="-1" TimeframeType="" CycleTimeDisplay="-" LeadTimeDisplay="-" ProportionOfTimeInTotal="1.00000000000" />
      <ChildProcessProcedures>
        <Task Id="12614" UniqueId="088f77bd-a118-4594-b451-486620e95fa1" Order="30" Number="4.0.1">
          <Text>Rate the process using the star rating to provide information to the Process Owner and Process Expert on how simple and effective the process is</Text>
        </Task>
        <Task Id="12615" UniqueId="341a5393-b48e-4cba-8e0c-fc0c743ec277" Order="31" Number="4.0.2">
          <Text>Submit improvement feedback to the Process owner and Process Expert </Text>
        </Task>
        <Note Id="12616" UniqueId="aa813d1a-8060-406c-b1a0-56188a1e16df" Order="32" Number="">
          <Text>What happens to the improvement feedback?</Text>
          <Attachment>The feedback will be emailed to the Process Owner and Process Expert to review and provide a response.  If you have requested a response you will receive an email notification when the Process Owner or Process Expert responds.</Attachment>
        </Note>
        <Image Id="12617" UniqueId="ff6a6ac5-04c7-4725-8abb-f459d9db9054" Order="33" DocumentId="332" DocumentUniqueId="15cb1a61-1adb-4851-9e00-530ecfba08fb" UploadId="393" Number="">
          <Text>Star rating and feedback - screenshot.png</Text>
        </Image>
      </ChildProcessProcedures>
    </Activity>
    <Activity Id="12618" UniqueId="c30ee85d-cf6b-4e50-afb3-916d1943b989" Number="5.0" Order="34">
      <Text>Improve the process continually </Text>
      <Ownerships>
        <Role Id="197" Name="Process Expert" IsVirtual="false" />
        <Role Id="196" Name="Process Owner" IsVirtual="false" />
      </Ownerships>
      <ProcessProcedureTimeframe TimeframeTypeId="-1" TimeframeType="" CycleTimeDisplay="-" LeadTimeDisplay="-" ProportionOfTimeInTotal="1.00000000000" />
      <ChildProcessProcedures>
        <Task Id="12619" UniqueId="3759d7c4-eade-400e-ada5-00d0708fb4e1" Order="35" Number="5.0.1">
          <Ownerships>
            <Tag Id="45" Name="Promapp" IsDisassociated="false" TagFamilyId="3" TagFamilyName="System" IsSwimlaneParticipant="false" />
          </Ownerships>
          <Text>Review the process feedback logged within Promapp</Text>
        </Task>
        <Task Id="12620" UniqueId="7961cbc7-3e55-4953-be04-a86a3c416c88" Order="36" Number="5.0.2">
          <Text>Respond to all feedback with X days @todo specify based on organisations policy</Text>
        </Task>
        <Task Id="12621" UniqueId="a023ff75-378a-440e-a659-0b4dc1855cba" Order="37" Number="5.0.3">
          <Text>@todo can add or link to other CI / Lean information used to improve process [to be determined by the organisation]</Text>
        </Task>
        <Task Id="12622" UniqueId="ecddef31-a5a7-4662-b68a-d3d6b2a6c7d9" Order="38" Number="5.0.4">
          <Text>Enter a change description for each change you make </Text>
        </Task>
        <Note Id="12623" UniqueId="489353f0-a3a0-4812-a103-65bcfecb0d61" Order="39" Number="">
          <Text>Why is a change description important?</Text>
          <Attachment>Every time a process is changed the relevant stakeholders will be notified via 'My Dashboard'.  The change description entered will give those stakeholders a quick summary of what has been changed.</Attachment>
        </Note>
        <Note Id="12624" UniqueId="6050a778-04a4-4a96-936d-908448b8041e" Order="40" Number="">
          <Ownerships>
            <Tag Id="45" Name="Promapp" IsDisassociated="false" TagFamilyId="3" TagFamilyName="System" IsSwimlaneParticipant="false" />
          </Ownerships>
          <Text>How are version changes captured in Promapp?</Text>
          <Attachment>Version control is captured automatically by Promapp, whereby draft version increase incrementally by 0.1 and published final version increase incrementally by 1.0. </Attachment>
        </Note>
      </ChildProcessProcedures>
    </Activity>
    <Activity Id="12625" UniqueId="16ea5e7e-5112-4477-b995-54f528e0db36" Number="6.0" Order="41">
      <Text>Review published process periodically</Text>
      <Ownerships>
        <Role Id="197" Name="Process Expert" IsVirtual="false" />
        <Role Id="196" Name="Process Owner" IsVirtual="false" />
      </Ownerships>
      <ProcessProcedureTimeframe TimeframeTypeId="-1" TimeframeType="" CycleTimeDisplay="-" LeadTimeDisplay="-" ProportionOfTimeInTotal="1.00000000000" />
      <ChildProcessProcedures>
        <Task Id="12626" UniqueId="3945d6af-7749-4479-83a0-c69cfde9871a" Order="42" Number="6.0.1">
          <Text>Monitor the 'My Reviews' section on 'My Dashboard' to see if any processes require review</Text>
        </Task>
        <Image Id="12627" UniqueId="697dd7fb-e921-4a01-8481-67a1db2589df" Order="43" DocumentId="335" DocumentUniqueId="111d3824-adf1-4c4e-a344-fd220406780a" UploadId="389" Number="">
          <Text>Process review notificaiton - screenshot.png</Text>
        </Image>
        <Note Id="12628" UniqueId="6ab2cab0-24a4-4d05-bb51-9cc11d316d3f" Order="44" Number="">
          <Text>How often will process require review?</Text>
          <Attachment>To be determined by the organisation</Attachment>
        </Note>
        <Task Id="12629" UniqueId="20573ba8-2827-4f65-9003-0f901bce2794" Order="45" Number="6.0.2">
          <Text>Review both content and process writing techniques - use attach checklist to assist </Text>
        </Task>
        <Information Id="12630" UniqueId="432b8cd1-4d29-4744-a9a8-595234fbbe89" Order="46" DocumentId="330" DocumentUniqueId="c929b4fc-97f8-4075-9aa4-a2b8498aad7d" UploadId="388" Number="">
          <Text>Process Review Checklist - 2017.xlsx</Text>
        </Information>
        <Note Id="12631" UniqueId="c33faac0-e825-4813-995b-e9c572f8b4c6" Order="47" Number="">
          <Text>Who should be consulted as part of the review?</Text>
          <Attachment>To be determine by the organisation (e.g. process review should be completed in consultation with the Process Group Champion)</Attachment>
        </Note>
        <Task Id="12632" UniqueId="42578812-e25d-44d2-9261-09d1648519be" Order="48" Number="6.0.3">
          <Text>Consider all feedback captured under the process as part of the process review</Text>
        </Task>
        <Task Id="12633" UniqueId="86247c8f-7fd5-4b8c-b8f0-194582526f57" Order="49" Number="6.0.4">
          <Text>@todo add organisation specific CI / Lean information here (e.g. use lean principles when reviewing published process to identify waste)</Text>
        </Task>
      </ChildProcessProcedures>
    </Activity>
    <Activity Id="12634" UniqueId="eafcefe0-9ff6-45ea-b841-fedc1d925bf8" Number="7.0" Order="50">
      <Text>Archive process, if required</Text>
      <Ownerships>
        <Role Id="197" Name="Process Expert" IsVirtual="false" />
        <Role Id="196" Name="Process Owner" IsVirtual="false" />
      </Ownerships>
      <ProcessProcedureTimeframe TimeframeTypeId="-1" TimeframeType="" CycleTimeDisplay="-" LeadTimeDisplay="-" ProportionOfTimeInTotal="1.00000000000" />
      <ChildProcessProcedures>
        <Task Id="12635" UniqueId="0a58cccd-6aa7-4cab-b8fd-a1ad0ddc3015" Order="51" Number="7.0.1">
          <Text>Archive a process if it has become obsolete and is no longer required @todo attach screenshot on how to do this</Text>
        </Task>
        <Note Id="12636" UniqueId="31fc3af5-18ef-4e1f-a696-b1fb4117f645" Order="52" Number="">
          <Text>When would it be required to archive a process?</Text>
          <Attachment>To be determined by the organisation.  </Attachment>
        </Note>
        <Note Id="12637" UniqueId="0d34f64b-c00f-49b2-8396-124a8c324cb3" Order="53" Number="">
          <Text>Can archived processes be reinstated?</Text>
          <Attachment>Promasters are the only ones who have the authority to reinstate archived processes.</Attachment>
        </Note>
        <Note Id="12638" UniqueId="5fa02a2a-15a4-42ae-ba35-c2373be044de" Order="54" Number="">
          <Text>Who is able to delete archived processes?</Text>
          <Attachment>Promasters are the only ones who have the authority to permanently delete processes</Attachment>
        </Note>
        <Note Id="12639" UniqueId="78222c2e-d110-4f4b-a427-6c149039e2dc" Order="55" Number="">
          <Text>Will archived processes be permanently deleted?</Text>
          <Attachment>To be determined by the organisation|~||~|E.g. Promaster reviews processes that have been archived every month and processes as required</Attachment>
        </Note>
      </ChildProcessProcedures>
    </Activity>
  </ProcessProcedures>
  <SearchKeywords />
  <Outputs />
  <LinkedStakeholders>
    <LinkedStakeholder ProcessId="484" Link="Create a Process in Promapp" Owner="Tas Fountis" Expert="Tas Fountis" ProcessGroup="Process Management" />
  </LinkedStakeholders>
  <Stakeholders />
  <Approvals />
  <SystemStakeholders>
    <User Id="1049" FirstName="Tas" LastName="Fountis" Name="Tas Fountis" />
  </SystemStakeholders>
  <Targets />
  <Timeframe TotalCycleTimeDisplay="-" TotalLeadTimeDisplay="-" ProcessTotalCost="0.0000" />
  <RiskControls />
  <Metadata>
    <ProcessXmlGenerationOptions>
      <StubProcesses>false</StubProcesses>
    </ProcessXmlGenerationOptions>
    <MetadataItem Name="GenerationDate" Value="2020-02-23T20:11:24.6798969Z" />
    <MetadataItem Name="CachedOn" Value="2020-02-23T20:11:24.6798969Z" />
  </Metadata>
</Process>