{"id":"_root_form","name":"","ruleGroups":[{"name":"RULES_RULETYPE_AUTOMATIC_NAME","description":"RULES_RULETYPE_AUTOMATIC_DESCRIPTION","isEnabled":true,"rules":[{"name":"Generated rule for OnLoad with Variable values","isEnabled":true,"where":{"ruleOperator":2,"conditions":[{"code":"form-on-load","identifier":"__Form"}]},"thens":[{"identifier":"_M2o4EbdtVu","property":"value","value":{"$ref":"formula","dataType":{"type":"string","format":""},"raw":"[Context].[Current user display name]","compiled":"__ntxfcv_ntx_form_current_user_display_name /*{compiledVariableMap:{\"0:0:0:37:[Context].[Current user display name]\":{\"name\":\"__ntxfcv_ntx_form_current_user_display_name\",\"from\":{\"line\":0,\"ch\":0},\"to\":{\"line\":0,\"ch\":37}}}}*/","usedVariableIds":"__ntxfcv_ntx_form_current_user_display_name","id":"","displayName":"","formModes":[0,1,2]}}]},{"name":"Generated rule for OnLoad with Variable values","isEnabled":true,"where":{"ruleOperator":2,"conditions":[{"code":"form-on-load","identifier":"__Form"}]},"thens":[{"identifier":"_155852d5e7d99ef2f10a5373b81ab745","property":"value","value":{"$ref":"formula","dataType":{"type":"string","format":""},"raw":"userProfileLookup([Context].[Current user email],\"Manager\")","compiled":"userProfileLookup(__ntxfcv_ntx_form_current_user_email,\"Manager\") /*{compiledVariableMap:{\"0:18:0:48:[Context].[Current user email]\":{\"name\":\"__ntxfcv_ntx_form_current_user_email\",\"from\":{\"line\":0,\"ch\":18},\"to\":{\"line\":0,\"ch\":48}}}}*/","usedVariableIds":"__ntxfcv_ntx_form_current_user_email","id":"","displayName":"","formModes":[0,1,2]}}]}],"type":3},{"name":"RULES_RULETYPE_STANDARD_NAME","description":"RULES_RULETYPE_STANDARD_DESCRIPTION","isEnabled":true,"rules":[{"name":"SetID","isEnabled":true,"thens":[{"identifier":"_1Y443VYeWQ","property":"value","value":{"$ref":"formula","dataType":{"type":"string","format":""},"raw":"remove(newGuidAsString(),8,28)","compiled":"remove(newGuidAsString(),8,28) /*{compiledVariableMap:{}}*/","usedVariableIds":"","id":"","displayName":"","formModes":[0,1,2]}}],"elseThens":[],"where":{"ruleOperator":2,"conditions":[{"ruleOperator":1,"conditions":[{"code":"value-is-empty","identifier":"_1Y443VYeWQ"}]}]},"id":0}],"type":0}],"pageSettings":{"pageTitleSize":"Heading 4","pageFlow":"1","pageStyle":"1","showTitle":true,"headerText":"","pages":[{"name":"page_default","title":"Page 1"}]},"version":13,"formType":"","variableContext":{"variables":[]},"settings":{"GeneralShowPrint":true,"PublishToMobile":true,"EntitlementType":"1","TimeZone":"Pacific Standard Time","Region":"en-US","TimeFormat":"12H","GeneralDefaultFileUpLoadControl":"ntx-no-default-control"},"rows":[{"controls":[{"id":"_dbb51ef239348bd67e82ec09e9d22fba","dataType":"string","widget":"richtext-label","properties":{"required":false,"readOnly":false,"visible":true,"isConnectedToVariable":false,"customizeName":false,"validationErrors":[],"name":"Label 1","title":"Label 1","format":"","helpText":"","tooltip":"","helpLink":"","helpLinkLabel":"","requiredValidationMessage":"","defaultValue":"","connectedVariableId":"","controlFillColor":"","borderColor":"","inputColor":"","backgroundColor":"","text":"<h2 class=\"nx-theme-heading-1\">Request overtime approval</h2>","verticalAlignment":"1"},"sourceVariable":{"id":"","displayName":"Label 1","autoGenerateName":true}}],"sizes":[12],"autoResizing":true,"restrictions":{},"pageName":"page_default"},{"controls":[{"id":"_1Y443VYeWQ","dataType":"string","widget":"textbox","properties":{"required":true,"readOnly":true,"visible":true,"isConnectedToVariable":true,"customizeName":false,"validationErrors":[],"name":"ID","title":"ID","format":"","helpText":"","tooltip":"","helpLink":"","helpLinkLabel":"","requiredValidationMessage":"","defaultValue":"","connectedVariableId":"Title","controlFillColor":"","borderColor":"","inputColor":"","backgroundColor":"","maxLength":255,"placeholder":"","mask":""},"sourceVariable":{"id":"","displayName":"ID","autoGenerateName":true}},{"id":"_M2o4EbdtVu","dataType":"string","widget":"people-picker","widgetMinimumSize":3,"properties":{"required":true,"readOnly":false,"visible":true,"isConnectedToVariable":true,"customizeName":false,"validationErrors":[],"name":"EmployeesName","title":"Employee's Name","format":"","helpText":"","tooltip":"","helpLink":"","helpLinkLabel":"","requiredValidationMessage":"","defaultValue":{"$ref":"formula","dataType":{"type":"string","format":""},"raw":"[Context].[Current user display name]","compiled":"__ntxfcv_ntx_form_current_user_display_name /*{compiledVariableMap:{\"0:0:0:37:[Context].[Current user display name]\":{\"name\":\"__ntxfcv_ntx_form_current_user_display_name\",\"from\":{\"line\":0,\"ch\":0},\"to\":{\"line\":0,\"ch\":37}}}}*/","usedVariableIds":"__ntxfcv_ntx_form_current_user_display_name","id":"","displayName":"","formModes":[0,1,2]},"connectedVariableId":"EmployeesName","controlFillColor":"","borderColor":"","inputColor":"","backgroundColor":"","entitiesToInclude":["1"],"isBound":true,"maxValue":25,"resolved":true,"allowMultiple":false,"isConfigPanel":false,"sharePointGroup":"0"},"sourceVariable":{"id":"","displayName":"EmployeesName","autoGenerateName":true}}],"sizes":[2,10],"autoResizing":false,"restrictions":{},"pageName":"page_default"},{"controls":[{"id":"_R8czV16cxJ","dataType":"string","widget":"datetime","widgetMinimumSize":3,"properties":{"required":true,"readOnly":false,"visible":true,"isConnectedToVariable":true,"customizeName":false,"validationErrors":[],"name":"DateofOvertime","title":"Date of Overtime","format":"date-time","helpText":"","tooltip":"","helpLink":"","helpLinkLabel":"","requiredValidationMessage":"","defaultValue":"","connectedVariableId":"DateofOvertime","controlFillColor":"","borderColor":"","inputColor":"","backgroundColor":"","showDateOnly":true,"restrictPastDates":true},"sourceVariable":{"id":"","displayName":"DateofOvertime","autoGenerateName":true}},{"id":"_0a50e02056d9d6738cb0fb5689f78e3e","widget":"space","properties":{"required":false,"readOnly":false,"visible":true,"isConnectedToVariable":false,"customizeName":false,"validationErrors":[],"name":"Space 1","title":"Space 1","format":"","helpText":"","tooltip":"","helpLink":"","helpLinkLabel":"","requiredValidationMessage":"","defaultValue":"","connectedVariableId":"","controlFillColor":"","borderColor":"","inputColor":"","backgroundColor":""},"sourceVariable":{"id":"","displayName":"Space 1","autoGenerateName":true}},{"id":"_kixRq3CUKs","dataType":"number","widget":"number","properties":{"required":true,"readOnly":false,"visible":true,"isConnectedToVariable":true,"customizeName":false,"validationErrors":[],"name":"Howmanyhours_x003f_","title":"How many hours?","format":"decimal","helpText":"","tooltip":"","helpLink":"","helpLinkLabel":"","requiredValidationMessage":"","defaultValue":"","connectedVariableId":"Howmanyhours_x003f_","controlFillColor":"","borderColor":"","inputColor":"","backgroundColor":"","placeholder":"","decimalPlaces":-1,"enableRangeValidation":true},"sourceVariable":{"id":"","displayName":"Howmanyhours_x003f_","autoGenerateName":true}}],"sizes":[6,4,2],"autoResizing":false,"restrictions":{},"pageName":"page_default"},{"controls":[{"id":"_5bj23BF3M9","dataType":"string","widget":"multilinetext","widgetMinimumSize":6,"properties":{"required":true,"readOnly":false,"visible":true,"isConnectedToVariable":true,"customizeName":false,"validationErrors":[],"name":"Taskstobecompleted","title":"Tasks to be completed","format":"multiline-plain","helpText":"","tooltip":"","helpLink":"","helpLinkLabel":"","requiredValidationMessage":"","defaultValue":"","connectedVariableId":"Taskstobecompleted","controlFillColor":"","borderColor":"","inputColor":"","backgroundColor":"","type":"Plain","placeholder":"","textAreaRows":"5","autoResize":true},"sourceVariable":{"id":"","displayName":"Taskstobecompleted","autoGenerateName":true}}],"sizes":[12],"autoResizing":true,"restrictions":{},"pageName":"page_default"},{"controls":[{"id":"_TSKyvEz5x0","dataType":"string","widget":"multilinetext","widgetMinimumSize":6,"properties":{"required":true,"readOnly":false,"visible":true,"isConnectedToVariable":true,"customizeName":false,"validationErrors":[],"name":"Reasontaskscannotbecompletedduri","title":"Reason tasks cannot be completed during regular working hours?","format":"multiline-plain","helpText":"","tooltip":"","helpLink":"","helpLinkLabel":"","requiredValidationMessage":"","defaultValue":"","connectedVariableId":"Reasontaskscannotbecompletedduri","controlFillColor":"","borderColor":"","inputColor":"","backgroundColor":"","type":"Plain","placeholder":"","textAreaRows":"5","autoResize":true},"sourceVariable":{"id":"","displayName":"Reasontaskscannotbecompletedduri","autoGenerateName":true}}],"sizes":[12],"autoResizing":true,"restrictions":{},"pageName":"page_default"},{"controls":[{"id":"_155852d5e7d99ef2f10a5373b81ab745","dataType":"string","widget":"people-picker","widgetMinimumSize":3,"properties":{"required":false,"readOnly":false,"visible":true,"isConnectedToVariable":true,"customizeName":false,"validationErrors":[],"name":"Manager","title":"Manager","format":"","helpText":"This will be sent to the manager mentioned below, for their approval.","tooltip":"","helpLink":"","helpLinkLabel":"","requiredValidationMessage":"","defaultValue":{"$ref":"formula","dataType":{"type":"string","format":""},"raw":"userProfileLookup([Context].[Current user email],\"Manager\")","compiled":"userProfileLookup(__ntxfcv_ntx_form_current_user_email,\"Manager\") /*{compiledVariableMap:{\"0:18:0:48:[Context].[Current user email]\":{\"name\":\"__ntxfcv_ntx_form_current_user_email\",\"from\":{\"line\":0,\"ch\":18},\"to\":{\"line\":0,\"ch\":48}}}}*/","usedVariableIds":"__ntxfcv_ntx_form_current_user_email","id":"","displayName":"","formModes":[0,1,2]},"connectedVariableId":"","controlFillColor":"","borderColor":"","inputColor":"","backgroundColor":"","entitiesToInclude":["1","4","8"],"isBound":false,"maxValue":25,"resolved":true,"allowMultiple":false,"isConfigPanel":false,"sharePointGroup":"0"},"sourceVariable":{"id":"","displayName":"Manager","autoGenerateName":true}}],"sizes":[12],"autoResizing":true,"restrictions":{},"pageName":"page_default"},{"controls":[{"id":"actionpanel1","widget":"actionpanel","properties":{"required":false,"readOnly":false,"visible":true,"isConnectedToVariable":false,"customizeName":false,"validationErrors":[],"name":"Action panel","title":"","format":"","helpText":"","tooltip":"","helpLink":"","helpLinkLabel":"","requiredValidationMessage":"","defaultValue":"","connectedVariableId":"","controlFillColor":"","borderColor":"","inputColor":"","backgroundColor":"","captchaEnabled":false,"submitButtonText":"Submit","afterSubmitType":"0","redirectURL":"https://","nextButtonText":"Next","previousButtonText":"Previous"},"sourceVariable":{"id":"","displayName":"Action panel","autoGenerateName":true}}],"sizes":[12],"autoResizing":true,"restrictions":{}}]}