{
    "swagger": "2.0",
    "info": {
      "title": "Dad Jokes",
      "description": "This is a bunch of Dad Jokes",
      "version": "1.0.0"
    },
    "host": "icanhazdadjoke.com",
    "schemes": [
      "https"
    ],
    "paths": {
      "/": {
        "get": {
          "tags": [
            "Jokes"
          ],
          "x-ntx-summary": "Dad Jokes",
          "summary": "Dad Jokes",
          "description": "Courtesy of Raybot",
          "operationId": "getJoke",
          "produces": [
            "application/json"
          ],
          "responses": {
            "200": {
              "description": "Invalid input",
              "schema": {
                "type": "object",
                "properties": {
                  "id": {
                    "type": "string",
                    "description": "ID of Joke"
                  },
                  "joke": {
                    "type": "string",
                    "description": "The actual Joke"
                  },
                  "status": {
                    "type": "integer",
                    "description": "Response status"
                  }
                }
              }
            }
          }
        }
      }
    }
  }