{
    "swagger": "2.0",
    "info": {
      "version": "v1",
      "title": "Cloudmersive Document Conversion",
      "description": "Convert file formats"
    },
    "host": "api.cloudmersive.com",
    "schemes": [
      "https"
    ],
    "paths": {
      "/convert/compare/docx": {
        "post": {
          "tags": [
            "CompareDocument"
          ],
          "summary": "Compare Two Word DOCX",
          "description": "Compare two Office Word Documents (docx) files and highlight the differences",
          "operationId": "CompareDocument_Docx",
          "consumes": [
            "multipart/form-data"
          ],
          "produces": [
            "application/octet-stream"
          ],
          "parameters": [
            {
              "name": "inputFile1",
              "in": "formData",
              "description": "First input file to perform the operation on.",
              "required": true,
              "type": "file",
              "x-ms-summary": "First input file to perform the operation on."
            },
            {
              "name": "inputFile2",
              "in": "formData",
              "description": "Second input file to perform the operation on (more than 2 can be supplied).",
              "required": true,
              "type": "file",
              "x-ms-summary": "Second input file to perform the operation on (more than 2 can be supplied)."
            }
          ],
          "responses": {
            "200": {
              "description": "OK",
              "schema": {
                "type": "string",
                "format": "byte"
              }
            }
          },
          "security": [
            {
              "Apikey": []
            }
          ]
        }
      },
      "/convert/csv/to/json": {
        "post": {
          "tags": [
            "ConvertData"
          ],
          "summary": "CSV to JSON conversion",
          "description": "Convert a CSV file to a JSON object array",
          "operationId": "ConvertData_CsvToJson",
          "consumes": [
            "multipart/form-data"
          ],
          "produces": [
            "application/json",
            "text/json",
            "application/xml",
            "text/xml"
          ],
          "parameters": [
            {
              "name": "inputFile",
              "in": "formData",
              "description": "Input file to perform the operation on.",
              "required": true,
              "type": "file",
              "x-ms-summary": "Input file to perform the operation on."
            }
          ],
          "responses": {
            "200": {
              "description": "OK",
              "schema": {
                "type": "object"
              }
            }
          },
          "security": [
            {
              "Apikey": []
            }
          ]
        }
      },
      "/convert/xlsx/to/json": {
        "post": {
          "tags": [
            "ConvertData"
          ],
          "summary": "Excel XLSX to JSON conversion",
          "description": "Convert an Excel XLSX file to a JSON object array",
          "operationId": "ConvertData_XlsxToJson",
          "consumes": [
            "multipart/form-data"
          ],
          "produces": [
            "application/json",
            "text/json",
            "application/xml",
            "text/xml"
          ],
          "parameters": [
            {
              "name": "inputFile",
              "in": "formData",
              "description": "Input file to perform the operation on.",
              "required": true,
              "type": "file",
              "x-ms-summary": "Input file to perform the operation on."
            }
          ],
          "responses": {
            "200": {
              "description": "OK",
              "schema": {
                "type": "object"
              }
            }
          },
          "security": [
            {
              "Apikey": []
            }
          ]
        }
      },
      "/convert/xls/to/json": {
        "post": {
          "tags": [
            "ConvertData"
          ],
          "summary": "Excel (97-2003) XLS to JSON conversion",
          "description": "Convert an Excel (97-2003) XLS file to a JSON object array",
          "operationId": "ConvertData_XlsToJson",
          "consumes": [
            "multipart/form-data"
          ],
          "produces": [
            "application/json",
            "text/json",
            "application/xml",
            "text/xml"
          ],
          "parameters": [
            {
              "name": "inputFile",
              "in": "formData",
              "description": "Input file to perform the operation on.",
              "required": true,
              "type": "file",
              "x-ms-summary": "Input file to perform the operation on."
            }
          ],
          "responses": {
            "200": {
              "description": "OK",
              "schema": {
                "type": "object"
              }
            }
          },
          "security": [
            {
              "Apikey": []
            }
          ]
        }
      },
      "/convert/xml/to/json": {
        "post": {
          "tags": [
            "ConvertData"
          ],
          "summary": "XML to JSON conversion",
          "description": "Convert an XML string or file into JSON",
          "operationId": "ConvertData_XmlToJson",
          "consumes": [
            "multipart/form-data"
          ],
          "produces": [
            "application/json",
            "text/json",
            "application/xml",
            "text/xml"
          ],
          "parameters": [
            {
              "name": "inputFile",
              "in": "formData",
              "description": "Input file to perform the operation on.",
              "required": true,
              "type": "file",
              "x-ms-summary": "Input file to perform the operation on."
            }
          ],
          "responses": {
            "200": {
              "description": "OK",
              "schema": {
                "type": "object"
              }
            }
          },
          "security": [
            {
              "Apikey": []
            }
          ]
        }
      },
      "/convert/docx/to/pdf": {
        "post": {
          "tags": [
            "ConvertDocument"
          ],
          "summary": "Word DOCX to PDF",
          "description": "Convert Office Word Documents (docx) to standard PDF",
          "operationId": "ConvertDocument_DocxToPdf",
          "consumes": [
            "multipart/form-data"
          ],
          "produces": [
            "application/octet-stream"
          ],
          "parameters": [
            {
              "name": "inputFile",
              "in": "formData",
              "description": "Input file to perform the operation on.",
              "required": true,
              "type": "file",
              "x-ms-summary": "Input file to perform the operation on."
            }
          ],
          "responses": {
            "200": {
              "description": "OK",
              "schema": {
                "type": "string",
                "format": "byte"
              }
            }
          },
          "security": [
            {
              "Apikey": []
            }
          ]
        }
      },
      "/convert/docx/to/txt": {
        "post": {
          "tags": [
            "ConvertDocument"
          ],
          "summary": "Word DOCX to Text",
          "description": "Convert Office Word Documents (docx) to text",
          "operationId": "ConvertDocument_DocxToTxt",
          "consumes": [
            "multipart/form-data"
          ],
          "produces": [
            "application/octet-stream"
          ],
          "parameters": [
            {
              "name": "inputFile",
              "in": "formData",
              "description": "Input file to perform the operation on.",
              "required": true,
              "type": "file",
              "x-ms-summary": "Input file to perform the operation on."
            }
          ],
          "responses": {
            "200": {
              "description": "OK",
              "schema": {
                "type": "string",
                "format": "byte"
              }
            }
          },
          "security": [
            {
              "Apikey": []
            }
          ]
        }
      },
      "/convert/doc/to/pdf": {
        "post": {
          "tags": [
            "ConvertDocument"
          ],
          "summary": "Word DOC (97-03) to PDF",
          "description": "Convert Office Word (97-2003 Format) Documents (doc) to standard PDF",
          "operationId": "ConvertDocument_DocToPdf",
          "consumes": [
            "multipart/form-data"
          ],
          "produces": [
            "application/octet-stream"
          ],
          "parameters": [
            {
              "name": "inputFile",
              "in": "formData",
              "description": "Input file to perform the operation on.",
              "required": true,
              "type": "file",
              "x-ms-summary": "Input file to perform the operation on."
            }
          ],
          "responses": {
            "200": {
              "description": "OK",
              "schema": {
                "type": "string",
                "format": "byte"
              }
            }
          },
          "security": [
            {
              "Apikey": []
            }
          ]
        }
      },
      "/convert/doc/to/docx": {
        "post": {
          "tags": [
            "ConvertDocument"
          ],
          "summary": "Word DOC (97-03) to DOCX",
          "description": "Convert/upgrade Office Word (97-2003 Format) Documents (doc) to the modern DOCX format",
          "operationId": "ConvertDocument_DocToDocx",
          "consumes": [
            "multipart/form-data"
          ],
          "produces": [
            "application/octet-stream"
          ],
          "parameters": [
            {
              "name": "inputFile",
              "in": "formData",
              "description": "Input file to perform the operation on.",
              "required": true,
              "type": "file",
              "x-ms-summary": "Input file to perform the operation on."
            }
          ],
          "responses": {
            "200": {
              "description": "OK",
              "schema": {
                "type": "string",
                "format": "byte"
              }
            }
          },
          "security": [
            {
              "Apikey": []
            }
          ]
        }
      },
      "/convert/pptx/to/pdf": {
        "post": {
          "tags": [
            "ConvertDocument"
          ],
          "summary": "PowerPoint PPTX to PDF",
          "description": "Convert Office PowerPoint Documents (pptx) to standard PDF",
          "operationId": "ConvertDocument_PptxToPdf",
          "consumes": [
            "multipart/form-data"
          ],
          "produces": [
            "application/octet-stream"
          ],
          "parameters": [
            {
              "name": "inputFile",
              "in": "formData",
              "description": "Input file to perform the operation on.",
              "required": true,
              "type": "file",
              "x-ms-summary": "Input file to perform the operation on."
            }
          ],
          "responses": {
            "200": {
              "description": "OK",
              "schema": {
                "type": "string",
                "format": "byte"
              }
            }
          },
          "security": [
            {
              "Apikey": []
            }
          ]
        }
      },
      "/convert/pptx/to/txt": {
        "post": {
          "tags": [
            "ConvertDocument"
          ],
          "summary": "PowerPoint PPTX to Text",
          "description": "Convert Office PowerPoint Documents (pptx) to standard Text",
          "operationId": "ConvertDocument_PptxToTxt",
          "consumes": [
            "multipart/form-data"
          ],
          "produces": [
            "application/octet-stream"
          ],
          "parameters": [
            {
              "name": "inputFile",
              "in": "formData",
              "description": "Input file to perform the operation on.",
              "required": true,
              "type": "file",
              "x-ms-summary": "Input file to perform the operation on."
            }
          ],
          "responses": {
            "200": {
              "description": "OK",
              "schema": {
                "type": "string",
                "format": "byte"
              }
            }
          },
          "security": [
            {
              "Apikey": []
            }
          ]
        }
      },
      "/convert/ppt/to/pdf": {
        "post": {
          "tags": [
            "ConvertDocument"
          ],
          "summary": "PowerPoint PPT (97-03) to PDF",
          "description": "Convert Office PowerPoint (97-2003) Documents (ppt) to standard PDF",
          "operationId": "ConvertDocument_PptToPdf",
          "consumes": [
            "multipart/form-data"
          ],
          "produces": [
            "application/octet-stream"
          ],
          "parameters": [
            {
              "name": "inputFile",
              "in": "formData",
              "description": "Input file to perform the operation on.",
              "required": true,
              "type": "file",
              "x-ms-summary": "Input file to perform the operation on."
            }
          ],
          "responses": {
            "200": {
              "description": "OK",
              "schema": {
                "type": "string",
                "format": "byte"
              }
            }
          },
          "security": [
            {
              "Apikey": []
            }
          ]
        }
      },
      "/convert/ppt/to/pptx": {
        "post": {
          "tags": [
            "ConvertDocument"
          ],
          "summary": "PowerPoint PPT (97-03) to PPTX",
          "description": "Convert/upgrade Office PowerPoint (97-2003) Documents (ppt) to modern PPTX",
          "operationId": "ConvertDocument_PptToPptx",
          "consumes": [
            "multipart/form-data"
          ],
          "produces": [
            "application/octet-stream"
          ],
          "parameters": [
            {
              "name": "inputFile",
              "in": "formData",
              "description": "Input file to perform the operation on.",
              "required": true,
              "type": "file",
              "x-ms-summary": "Input file to perform the operation on."
            }
          ],
          "responses": {
            "200": {
              "description": "OK",
              "schema": {
                "type": "string",
                "format": "byte"
              }
            }
          },
          "security": [
            {
              "Apikey": []
            }
          ]
        }
      },
      "/convert/xlsx/to/pdf": {
        "post": {
          "tags": [
            "ConvertDocument"
          ],
          "summary": "Excel XLSX to PDF",
          "description": "Convert Office Excel Workbooks (XLSX) to standard PDF.  Converts all worksheets in the workbook to PDF.  Supports both XLSX and XLSB Excel file formats.",
          "operationId": "ConvertDocument_XlsxToPdf",
          "consumes": [
            "multipart/form-data"
          ],
          "produces": [
            "application/octet-stream"
          ],
          "parameters": [
            {
              "name": "inputFile",
              "in": "formData",
              "description": "Input file to perform the operation on.",
              "required": true,
              "type": "file",
              "x-ms-summary": "Input file to perform the operation on."
            }
          ],
          "responses": {
            "200": {
              "description": "OK",
              "schema": {
                "type": "string",
                "format": "byte"
              }
            }
          },
          "security": [
            {
              "Apikey": []
            }
          ]
        }
      },
      "/convert/xlsx/to/txt": {
        "post": {
          "tags": [
            "ConvertDocument"
          ],
          "summary": "Excel XLSX to Text",
          "description": "Convert Office Excel Workbooks (XLSX) to standard Text.  Converts all worksheets in the workbook to Text.  Supports both XLSX and XLSB file formats.",
          "operationId": "ConvertDocument_XlsxToTxt",
          "consumes": [
            "multipart/form-data"
          ],
          "produces": [
            "application/octet-stream"
          ],
          "parameters": [
            {
              "name": "inputFile",
              "in": "formData",
              "description": "Input file to perform the operation on.",
              "required": true,
              "type": "file",
              "x-ms-summary": "Input file to perform the operation on."
            }
          ],
          "responses": {
            "200": {
              "description": "OK",
              "schema": {
                "type": "string",
                "format": "byte"
              }
            }
          },
          "security": [
            {
              "Apikey": []
            }
          ]
        }
      },
      "/convert/xls/to/pdf": {
        "post": {
          "tags": [
            "ConvertDocument"
          ],
          "summary": "Excel XLS (97-03) to PDF",
          "description": "Convert Office Excel (97-2003) Workbooks (xls) to standard PDF.  Converts all worksheets in the workbook to PDF.",
          "operationId": "ConvertDocument_XlsToPdf",
          "consumes": [
            "multipart/form-data"
          ],
          "produces": [
            "application/octet-stream"
          ],
          "parameters": [
            {
              "name": "inputFile",
              "in": "formData",
              "description": "Input file to perform the operation on.",
              "required": true,
              "type": "file",
              "x-ms-summary": "Input file to perform the operation on."
            }
          ],
          "responses": {
            "200": {
              "description": "OK",
              "schema": {
                "type": "string",
                "format": "byte"
              }
            }
          },
          "security": [
            {
              "Apikey": []
            }
          ]
        }
      },
      "/convert/xls/to/xlsx": {
        "post": {
          "tags": [
            "ConvertDocument"
          ],
          "summary": "Excel XLS (97-03) to XLSX",
          "description": "Convert/upgrade Office Excel (97-2003) Workbooks (xls) to modern XLSX format.",
          "operationId": "ConvertDocument_XlsToXlsx",
          "consumes": [
            "multipart/form-data"
          ],
          "produces": [
            "application/octet-stream"
          ],
          "parameters": [
            {
              "name": "inputFile",
              "in": "formData",
              "description": "Input file to perform the operation on.",
              "required": true,
              "type": "file",
              "x-ms-summary": "Input file to perform the operation on."
            }
          ],
          "responses": {
            "200": {
              "description": "OK",
              "schema": {
                "type": "string",
                "format": "byte"
              }
            }
          },
          "security": [
            {
              "Apikey": []
            }
          ]
        }
      },
      "/convert/xls/to/csv": {
        "post": {
          "tags": [
            "ConvertDocument"
          ],
          "summary": "Excel XLS (97-03) to CSV",
          "description": "Convert/upgrade Office Excel (97-2003) Workbooks (xls) to standard CSV format.",
          "operationId": "ConvertDocument_XlsToCsv",
          "consumes": [
            "multipart/form-data"
          ],
          "produces": [
            "application/octet-stream"
          ],
          "parameters": [
            {
              "name": "inputFile",
              "in": "formData",
              "description": "Input file to perform the operation on.",
              "required": true,
              "type": "file",
              "x-ms-summary": "Input file to perform the operation on."
            }
          ],
          "responses": {
            "200": {
              "description": "OK",
              "schema": {
                "type": "string",
                "format": "byte"
              }
            }
          },
          "security": [
            {
              "Apikey": []
            }
          ]
        }
      },
      "/convert/csv/to/xlsx": {
        "post": {
          "tags": [
            "ConvertDocument"
          ],
          "summary": "CSV to Excel XLSX",
          "description": "Convert CSV file to Office Excel XLSX Workbooks file format.",
          "operationId": "ConvertDocument_CsvToXlsx",
          "consumes": [
            "multipart/form-data"
          ],
          "produces": [
            "application/octet-stream"
          ],
          "parameters": [
            {
              "name": "inputFile",
              "in": "formData",
              "description": "Input file to perform the operation on.",
              "required": true,
              "type": "file",
              "x-ms-summary": "Input file to perform the operation on."
            }
          ],
          "responses": {
            "200": {
              "description": "OK",
              "schema": {
                "type": "string",
                "format": "byte"
              }
            }
          },
          "security": [
            {
              "Apikey": []
            }
          ]
        }
      },
      "/convert/xlsx/to/csv": {
        "post": {
          "tags": [
            "ConvertDocument"
          ],
          "summary": "Excel XLSX to CSV",
          "description": "Convert Office Excel Workbooks (XLSX) to standard Comma-Separated Values (CSV) format.  Supports both XLSX and XLSB file Excel formats.",
          "operationId": "ConvertDocument_XlsxToCsv",
          "consumes": [
            "multipart/form-data"
          ],
          "produces": [
            "application/octet-stream"
          ],
          "parameters": [
            {
              "name": "inputFile",
              "in": "formData",
              "description": "Input file to perform the operation on.",
              "required": true,
              "type": "file",
              "x-ms-summary": "Input file to perform the operation on."
            }
          ],
          "responses": {
            "200": {
              "description": "OK",
              "schema": {
                "type": "string",
                "format": "byte"
              }
            }
          },
          "security": [
            {
              "Apikey": []
            }
          ]
        }
      },
      "/convert/html/to/pdf": {
        "post": {
          "tags": [
            "ConvertDocument"
          ],
          "summary": "HTML to PDF",
          "description": "Convert standard HTML, with full support for CSS, JavaScript, Images, and other complex behavior to PDF.  To use external files such as images, use an absolute URL to the file.",
          "operationId": "ConvertDocument_HtmlToPdf",
          "consumes": [
            "multipart/form-data"
          ],
          "produces": [
            "application/octet-stream"
          ],
          "parameters": [
            {
              "name": "inputFile",
              "in": "formData",
              "description": "Input file to perform the operation on.",
              "required": true,
              "type": "file",
              "x-ms-summary": "Input file to perform the operation on."
            }
          ],
          "responses": {
            "200": {
              "description": "OK",
              "schema": {
                "type": "string",
                "format": "byte"
              }
            }
          },
          "security": [
            {
              "Apikey": []
            }
          ]
        }
      },
      "/convert/html/to/png": {
        "post": {
          "tags": [
            "ConvertDocument"
          ],
          "summary": "HTML to PNG array",
          "description": "Convert standard HTML, with full support for CSS, JavaScript, Images, and other complex behavior to an array of PNG images, one for each page.  To use external files in your HTML such as images, use an absolute URL to the file.",
          "operationId": "ConvertDocument_HtmlToPng",
          "consumes": [
            "multipart/form-data"
          ],
          "produces": [
            "application/octet-stream"
          ],
          "parameters": [
            {
              "name": "inputFile",
              "in": "formData",
              "description": "Input file to perform the operation on.",
              "required": true,
              "type": "file",
              "x-ms-summary": "Input file to perform the operation on."
            }
          ],
          "responses": {
            "200": {
              "description": "OK",
              "schema": {
                "type": "string",
                "format": "byte"
              }
            }
          },
          "security": [
            {
              "Apikey": []
            }
          ]
        }
      },
      "/convert/autodetect/get-info": {
        "post": {
          "tags": [
            "ConvertDocument"
          ],
          "summary": "Get document type information",
          "description": "Auto-detects a document's type information; does not require file extension.  Analyzes file contents to confirm file type.  Even if no file extension is present, the auto-detect system will reliably analyze the contents of the file and identify its file type.  Supports over 100 image file formats, Office document file formats, PDF, and more.",
          "operationId": "ConvertDocument_AutodetectGetInfo",
          "consumes": [
            "multipart/form-data"
          ],
          "produces": [
            "application/json",
            "text/json",
            "application/xml",
            "text/xml"
          ],
          "parameters": [
            {
              "name": "inputFile",
              "in": "formData",
              "description": "Input file to perform the operation on.",
              "required": true,
              "type": "file",
              "x-ms-summary": "Input file to perform the operation on."
            }
          ],
          "responses": {
            "200": {
              "description": "OK",
              "schema": {
                "$ref": "#/definitions/AutodetectGetInfoResult"
              }
            }
          },
          "security": [
            {
              "Apikey": []
            }
          ]
        }
      },
      "/convert/autodetect/to/pdf": {
        "post": {
          "tags": [
            "ConvertDocument"
          ],
          "summary": "Convert Document to PDF",
          "description": "Automatically detect file type and convert it to PDF.  Supports all of the major Office document file formats including Word (DOCX, DOC), Excel (XLSX, XLS), PowerPoint (PPTX, PPT), over 100 image formats, HTML files, and even multi-page TIFF files.",
          "operationId": "ConvertDocument_AutodetectToPdf",
          "consumes": [
            "multipart/form-data"
          ],
          "produces": [
            "application/octet-stream"
          ],
          "parameters": [
            {
              "name": "inputFile",
              "in": "formData",
              "description": "Input file to perform the operation on.",
              "required": true,
              "type": "file",
              "x-ms-summary": "Input file to perform the operation on."
            }
          ],
          "responses": {
            "200": {
              "description": "OK",
              "schema": {
                "type": "string",
                "format": "byte"
              }
            }
          },
          "security": [
            {
              "Apikey": []
            }
          ]
        }
      },
      "/convert/autodetect/to/txt": {
        "post": {
          "tags": [
            "ConvertDocument"
          ],
          "summary": "Convert Document to Text",
          "description": "Automatically detect file type and convert it to Text.  Supports all of the major Office document file formats including Word (DOCX, DOC), Excel (XLSX, XLS), PowerPoint (PPTX, PPT) and PDF files.",
          "operationId": "ConvertDocument_AutodetectToTxt",
          "consumes": [
            "multipart/form-data"
          ],
          "produces": [
            "application/octet-stream"
          ],
          "parameters": [
            {
              "name": "inputFile",
              "in": "formData",
              "description": "Input file to perform the operation on.",
              "required": true,
              "type": "file",
              "x-ms-summary": "Input file to perform the operation on."
            }
          ],
          "responses": {
            "200": {
              "description": "OK",
              "schema": {
                "type": "string",
                "format": "byte"
              }
            }
          },
          "security": [
            {
              "Apikey": []
            }
          ]
        }
      },
      "/convert/autodetect/to/png": {
        "post": {
          "tags": [
            "ConvertDocument"
          ],
          "summary": "Convert Document to PNG array",
          "description": "Automatically detect file type and convert it to an array of PNG images.  Supports all of the major Office document file formats, over 100 image formats, and even multi-page TIFF files.",
          "operationId": "ConvertDocument_AutodetectToPngArray",
          "consumes": [
            "multipart/form-data"
          ],
          "produces": [
            "application/octet-stream"
          ],
          "parameters": [
            {
              "name": "inputFile",
              "in": "formData",
              "description": "Input file to perform the operation on.",
              "required": true,
              "type": "file",
              "x-ms-summary": "Input file to perform the operation on."
            }
          ],
          "responses": {
            "200": {
              "description": "OK",
              "schema": {
                "type": "string",
                "format": "byte"
              }
            }
          },
          "security": [
            {
              "Apikey": []
            }
          ]
        }
      },
      "/convert/pdf/to/png": {
        "post": {
          "tags": [
            "ConvertDocument"
          ],
          "summary": "PDF to PNG Array",
          "description": "Convert PDF document to PNG array, one image per page.",
          "operationId": "ConvertDocument_PdfToPngArray",
          "consumes": [
            "multipart/form-data"
          ],
          "produces": [
            "application/octet-stream"
          ],
          "parameters": [
            {
              "name": "inputFile",
              "in": "formData",
              "description": "Input file to perform the operation on.",
              "required": true,
              "type": "file",
              "x-ms-summary": "Input file to perform the operation on."
            }
          ],
          "responses": {
            "200": {
              "description": "OK",
              "schema": {
                "type": "string",
                "format": "byte"
              }
            }
          },
          "security": [
            {
              "Apikey": []
            }
          ]
        }
      },
      "/convert/pdf/to/txt": {
        "post": {
          "tags": [
            "ConvertDocument"
          ],
          "summary": "PDF to Text",
          "description": "PDF document to text",
          "operationId": "ConvertDocument_PdfToTxt",
          "consumes": [
            "multipart/form-data"
          ],
          "produces": [
            "application/octet-stream"
          ],
          "parameters": [
            {
              "name": "inputFile",
              "in": "formData",
              "description": "Input file to perform the operation on.",
              "required": true,
              "type": "file",
              "x-ms-summary": "Input file to perform the operation on."
            }
          ],
          "responses": {
            "200": {
              "description": "OK",
              "schema": {
                "type": "string",
                "format": "byte"
              }
            }
          },
          "security": [
            {
              "Apikey": []
            }
          ]
        }
      },
      "/convert/pdf/to/docx": {
        "post": {
          "tags": [
            "ConvertDocument"
          ],
          "summary": "PDF to Word DOCX",
          "description": "Convert standard PDF to Office Word Documents (docx).    Converts a PDF at high fidelity into Word format, where it can be easily edited and processed.",
          "operationId": "ConvertDocument_PdfToDocx",
          "consumes": [
            "multipart/form-data"
          ],
          "produces": [
            "application/octet-stream"
          ],
          "parameters": [
            {
              "name": "inputFile",
              "in": "formData",
              "description": "Input file to perform the operation on.",
              "required": true,
              "type": "file",
              "x-ms-summary": "Input file to perform the operation on."
            }
          ],
          "responses": {
            "200": {
              "description": "OK",
              "schema": {
                "type": "string",
                "format": "byte"
              }
            }
          },
          "security": [
            {
              "Apikey": []
            }
          ]
        }
      },
      "/convert/pdf/to/pptx": {
        "post": {
          "tags": [
            "ConvertDocument"
          ],
          "summary": "PDF to PowerPoint PPTX",
          "description": "Convert standard PDF to Office PowerPoint Presentation (pptx).  Converts a PDF file at high fidelity into PowerPoint format, where it can be easily edited and processed.",
          "operationId": "ConvertDocument_PdfToPptx",
          "consumes": [
            "multipart/form-data"
          ],
          "produces": [
            "application/octet-stream"
          ],
          "parameters": [
            {
              "name": "inputFile",
              "in": "formData",
              "description": "Input file to perform the operation on.",
              "required": true,
              "type": "file",
              "x-ms-summary": "Input file to perform the operation on."
            }
          ],
          "responses": {
            "200": {
              "description": "OK",
              "schema": {
                "type": "string",
                "format": "byte"
              }
            }
          },
          "security": [
            {
              "Apikey": []
            }
          ]
        }
      },
      "/convert/image/{format1}/to/{format2}": {
        "post": {
          "tags": [
            "ConvertImage"
          ],
          "summary": "Image format conversion",
          "description": "Convert between over 100 file formats, including key formats such as Photoshop (PSD), PNG, JPG, GIF, NEF, and BMP.",
          "operationId": "ConvertImage_ImageFormatConvert",
          "consumes": [
            "multipart/form-data"
          ],
          "produces": [
            "application/octet-stream"
          ],
          "parameters": [
            {
              "name": "format1",
              "in": "path",
              "description": "Input file format as a 3+ letter file extension.  You can also provide...",
              "required": true,
              "type": "string",
              "x-ms-summary": "Input file format as a 3+ letter file extension.  You can also provide..."
            },
            {
              "name": "format2",
              "in": "path",
              "description": "Output (convert to this format) file format as a 3+ letter file extens...",
              "required": true,
              "type": "string",
              "x-ms-summary": "Output (convert to this format) file format as a 3+ letter file extens..."
            },
            {
              "name": "inputFile",
              "in": "formData",
              "description": "Input file to perform the operation on.",
              "required": true,
              "type": "file",
              "x-ms-summary": "Input file to perform the operation on."
            }
          ],
          "responses": {
            "200": {
              "description": "OK",
              "schema": {
                "type": "string",
                "format": "byte"
              }
            }
          },
          "security": [
            {
              "Apikey": []
            }
          ]
        }
      },
      "/convert/image-multipage/{format1}/to/{format2}": {
        "post": {
          "tags": [
            "ConvertImage"
          ],
          "summary": "Multi-page format conversion",
          "description": "Convert between over 100 file formats, including support for Multiple-Page formats (e.g. PDFs, TIFFs, etc. with multiple pages).",
          "operationId": "ConvertImage_MultipageImageFormatConvert",
          "consumes": [
            "multipart/form-data"
          ],
          "produces": [
            "application/json",
            "text/json",
            "application/xml",
            "text/xml"
          ],
          "parameters": [
            {
              "name": "format1",
              "in": "path",
              "description": "Input file format as a 3+ letter file extension.  You can also provide...",
              "required": true,
              "type": "string",
              "x-ms-summary": "Input file format as a 3+ letter file extension.  You can also provide..."
            },
            {
              "name": "format2",
              "in": "path",
              "description": "Output (convert to this format) file format as a 3+ letter file extens...",
              "required": true,
              "type": "string",
              "x-ms-summary": "Output (convert to this format) file format as a 3+ letter file extens..."
            },
            {
              "name": "inputFile",
              "in": "formData",
              "description": "Input file to perform the operation on.",
              "required": true,
              "type": "file",
              "x-ms-summary": "Input file to perform the operation on."
            }
          ],
          "responses": {
            "200": {
              "description": "OK",
              "schema": {
                "$ref": "#/definitions/MultipageImageFormatConversionResult"
              }
            }
          },
          "security": [
            {
              "Apikey": []
            }
          ]
        }
      },
      "/convert/image/set-dpi/{dpi}": {
        "post": {
          "tags": [
            "ConvertImage"
          ],
          "summary": "Change image DPI",
          "description": "Resize an image to have a different DPI",
          "operationId": "ConvertImage_ImageSetDPI",
          "consumes": [
            "multipart/form-data"
          ],
          "produces": [
            "application/octet-stream"
          ],
          "parameters": [
            {
              "name": "dpi",
              "in": "path",
              "description": "New DPI in pixels-per-inch, for example 300 DPI or 600 DPI",
              "required": true,
              "type": "integer",
              "format": "int32",
              "x-ms-summary": "New DPI in pixels-per-inch, for example 300 DPI or 600 DPI"
            },
            {
              "name": "inputFile",
              "in": "formData",
              "description": "Input file to perform the operation on.",
              "required": true,
              "type": "file",
              "x-ms-summary": "Input file to perform the operation on."
            }
          ],
          "responses": {
            "200": {
              "description": "OK",
              "schema": {
                "type": "string",
                "format": "byte"
              }
            }
          },
          "security": [
            {
              "Apikey": []
            }
          ]
        }
      },
      "/convert/image/get-info": {
        "post": {
          "tags": [
            "ConvertImage"
          ],
          "summary": "Get information about an image",
          "description": "Get details from an image such as size, format and MIME type, compression, EXIF data such as location, DPI, unique colors, transparency information, and more",
          "operationId": "ConvertImage_GetImageInfo",
          "consumes": [
            "multipart/form-data"
          ],
          "produces": [
            "application/json",
            "text/json",
            "application/xml",
            "text/xml"
          ],
          "parameters": [
            {
              "name": "inputFile",
              "in": "formData",
              "description": "Input file to perform the operation on.",
              "required": true,
              "type": "file",
              "x-ms-summary": "Input file to perform the operation on."
            }
          ],
          "responses": {
            "200": {
              "description": "OK",
              "schema": {
                "$ref": "#/definitions/GetImageInfoResult"
              }
            }
          },
          "security": [
            {
              "Apikey": []
            }
          ]
        }
      },
      "/convert/template/html/apply": {
        "post": {
          "tags": [
            "ConvertTemplate"
          ],
          "summary": "Apply HTML template",
          "description": "Apply operations to fill in an HTML template, generating a final HTML result",
          "operationId": "ConvertTemplate_ApplyHtmlTemplate",
          "consumes": [
            "application/json",
            "text/json",
            "application/xml",
            "text/xml",
            "application/x-www-form-urlencoded"
          ],
          "produces": [
            "application/json",
            "text/json",
            "application/xml",
            "text/xml"
          ],
          "parameters": [
            {
              "name": "value",
              "in": "body",
              "description": "Operations to apply to template",
              "required": true,
              "schema": {
                "$ref": "#/definitions/HtmlTemplateApplicationRequest"
              },
              "x-ms-summary": "Operations to apply to template"
            }
          ],
          "responses": {
            "200": {
              "description": "OK",
              "schema": {
                "$ref": "#/definitions/HtmlTemplateApplicationResponse"
              }
            }
          },
          "security": [
            {
              "Apikey": []
            }
          ]
        }
      },
      "/convert/web/url/to/screenshot": {
        "post": {
          "tags": [
            "ConvertWeb"
          ],
          "summary": "Take screenshot of URL",
          "description": "Fully renders a website and returns a PNG screenshot of the full page image.  Javascript, HTML5, CSS and other advanced features are all supported.",
          "operationId": "ConvertWeb_UrlToScreenshot",
          "consumes": [
            "application/json",
            "text/json",
            "application/xml",
            "text/xml",
            "application/x-www-form-urlencoded"
          ],
          "produces": [
            "application/json",
            "text/json",
            "application/xml",
            "text/xml"
          ],
          "parameters": [
            {
              "name": "input",
              "in": "body",
              "description": "Screenshot request parameters",
              "required": true,
              "schema": {
                "$ref": "#/definitions/ScreenshotRequest"
              },
              "x-ms-summary": "Screenshot request parameters"
            }
          ],
          "responses": {
            "200": {
              "description": "OK",
              "schema": {
                "format": "byte",
                "type": "string"
              }
            }
          },
          "security": [
            {
              "Apikey": []
            }
          ]
        }
      },
      "/convert/web/url/to/pdf": {
        "post": {
          "tags": [
            "ConvertWeb"
          ],
          "summary": "Convert a URL to PDF",
          "description": "Fully renders a website and returns a PDF of the full page.  Javascript, HTML5, CSS and other advanced features are all supported.",
          "operationId": "ConvertWeb_UrlToPdf",
          "consumes": [
            "application/json",
            "text/json",
            "application/xml",
            "text/xml",
            "application/x-www-form-urlencoded"
          ],
          "produces": [
            "application/json",
            "text/json",
            "application/xml",
            "text/xml"
          ],
          "parameters": [
            {
              "name": "input",
              "in": "body",
              "description": "URL to PDF request parameters",
              "required": true,
              "schema": {
                "$ref": "#/definitions/ScreenshotRequest"
              },
              "x-ms-summary": "URL to PDF request parameters"
            }
          ],
          "responses": {
            "200": {
              "description": "OK",
              "schema": {
                "format": "byte",
                "type": "string"
              }
            }
          },
          "security": [
            {
              "Apikey": []
            }
          ]
        }
      },
      "/convert/web/html/to/pdf": {
        "post": {
          "tags": [
            "ConvertWeb"
          ],
          "summary": "Convert HTML string to PDF",
          "description": "Fully renders a website and returns a PDF of the HTML.  Javascript, HTML5, CSS and other advanced features are all supported.",
          "operationId": "ConvertWeb_HtmlToPdf",
          "consumes": [
            "application/json",
            "text/json",
            "application/xml",
            "text/xml",
            "application/x-www-form-urlencoded"
          ],
          "produces": [
            "application/json",
            "text/json",
            "application/xml",
            "text/xml"
          ],
          "parameters": [
            {
              "name": "input",
              "in": "body",
              "description": "HTML to PDF request parameters",
              "required": true,
              "schema": {
                "$ref": "#/definitions/HtmlToPdfRequest"
              },
              "x-ms-summary": "HTML to PDF request parameters"
            }
          ],
          "responses": {
            "200": {
              "description": "OK",
              "schema": {
                "format": "byte",
                "type": "string"
              }
            }
          },
          "security": [
            {
              "Apikey": []
            }
          ]
        }
      },
      "/convert/html/to/docx": {
        "post": {
          "tags": [
            "ConvertWeb"
          ],
          "summary": "HTML to DOCX",
          "description": "Convert HTML to Office Word Document (DOCX) format",
          "operationId": "ConvertWeb_HtmlToDocx",
          "consumes": [
            "application/json",
            "text/json",
            "application/xml",
            "text/xml",
            "application/x-www-form-urlencoded"
          ],
          "produces": [
            "application/octet-stream"
          ],
          "parameters": [
            {
              "name": "inputRequest",
              "in": "body",
              "required": true,
              "schema": {
                "$ref": "#/definitions/HtmlToOfficeRequest"
              },
              "x-ms-summary": null
            }
          ],
          "responses": {
            "200": {
              "description": "OK",
              "schema": {
                "type": "string",
                "format": "byte"
              }
            }
          },
          "security": [
            {
              "Apikey": []
            }
          ]
        }
      },
      "/convert/web/md/to/html": {
        "post": {
          "tags": [
            "ConvertWeb"
          ],
          "summary": "Convert Markdown to HTML",
          "description": "Convert a markdown file (.md) to HTML",
          "operationId": "ConvertWeb_MdToHtml",
          "consumes": [
            "multipart/form-data"
          ],
          "produces": [
            "application/octet-stream"
          ],
          "parameters": [
            {
              "name": "inputFile",
              "in": "formData",
              "description": "Input file to perform the operation on.",
              "required": true,
              "type": "file",
              "x-ms-summary": "Input file to perform the operation on."
            }
          ],
          "responses": {
            "200": {
              "description": "OK",
              "schema": {
                "type": "object"
              }
            }
          },
          "security": [
            {
              "Apikey": []
            }
          ]
        }
      },
      "/convert/merge/docx": {
        "post": {
          "tags": [
            "MergeDocument"
          ],
          "summary": "Merge Multple Word DOCX Together",
          "description": "Combine multiple Office Word Documents (docx) into one single Office Word document",
          "operationId": "MergeDocument_Docx",
          "consumes": [
            "multipart/form-data"
          ],
          "produces": [
            "application/octet-stream"
          ],
          "parameters": [
            {
              "name": "inputFile1",
              "in": "formData",
              "description": "First input file to perform the operation on.",
              "required": true,
              "type": "file",
              "x-ms-summary": "First input file to perform the operation on."
            },
            {
              "name": "inputFile2",
              "in": "formData",
              "description": "Second input file to perform the operation on (more than 2 can be supplied).",
              "required": true,
              "type": "file",
              "x-ms-summary": "Second input file to perform the operation on (more than 2 can be supplied)."
            }
          ],
          "responses": {
            "200": {
              "description": "OK",
              "schema": {
                "type": "string",
                "format": "byte"
              }
            }
          },
          "security": [
            {
              "Apikey": []
            }
          ]
        }
      },
      "/convert/merge/pptx": {
        "post": {
          "tags": [
            "MergeDocument"
          ],
          "summary": "Merge Multple PowerPoint PPTX Together",
          "description": "Combine multiple Office PowerPoint presentations (pptx) into one single Office PowerPoint presentation",
          "operationId": "MergeDocument_Pptx",
          "consumes": [
            "multipart/form-data"
          ],
          "produces": [
            "application/octet-stream"
          ],
          "parameters": [
            {
              "name": "inputFile1",
              "in": "formData",
              "description": "First input file to perform the operation on.",
              "required": true,
              "type": "file",
              "x-ms-summary": "First input file to perform the operation on."
            },
            {
              "name": "inputFile2",
              "in": "formData",
              "description": "Second input file to perform the operation on (more than 2 can be supplied).",
              "required": true,
              "type": "file",
              "x-ms-summary": "Second input file to perform the operation on (more than 2 can be supplied)."
            }
          ],
          "responses": {
            "200": {
              "description": "OK",
              "schema": {
                "type": "string",
                "format": "byte"
              }
            }
          },
          "security": [
            {
              "Apikey": []
            }
          ]
        }
      },
      "/convert/merge/xlsx": {
        "post": {
          "tags": [
            "MergeDocument"
          ],
          "summary": "Merge Multple Excel XLSX Together",
          "description": "Combine multiple Office Excel spreadsheets (xlsx) into a single Office Excel spreadsheet",
          "operationId": "MergeDocument_Xlsx",
          "consumes": [
            "multipart/form-data"
          ],
          "produces": [
            "application/octet-stream"
          ],
          "parameters": [
            {
              "name": "inputFile1",
              "in": "formData",
              "description": "First input file to perform the operation on.",
              "required": true,
              "type": "file",
              "x-ms-summary": "First input file to perform the operation on."
            },
            {
              "name": "inputFile2",
              "in": "formData",
              "description": "Second input file to perform the operation on (more than 2 can be supplied).",
              "required": true,
              "type": "file",
              "x-ms-summary": "Second input file to perform the operation on (more than 2 can be supplied)."
            }
          ],
          "responses": {
            "200": {
              "description": "OK",
              "schema": {
                "type": "string",
                "format": "byte"
              }
            }
          },
          "security": [
            {
              "Apikey": []
            }
          ]
        }
      },
      "/convert/merge/pdf": {
        "post": {
          "tags": [
            "MergeDocument"
          ],
          "summary": "Merge Multple PDF Files Together",
          "description": "Combine multiple PDF files (pdf) into a single PDF document, preserving the order of the input documents in the combined document",
          "operationId": "MergeDocument_Pdf",
          "consumes": [
            "multipart/form-data"
          ],
          "produces": [
            "application/octet-stream"
          ],
          "parameters": [
            {
              "name": "inputFile1",
              "in": "formData",
              "description": "First input file to perform the operation on.",
              "required": true,
              "type": "file",
              "x-ms-summary": "First input file to perform the operation on."
            },
            {
              "name": "inputFile2",
              "in": "formData",
              "description": "Second input file to perform the operation on (more than 2 can be supplied).",
              "required": true,
              "type": "file",
              "x-ms-summary": "Second input file to perform the operation on (more than 2 can be supplied)."
            }
          ],
          "responses": {
            "200": {
              "description": "OK",
              "schema": {
                "type": "string",
                "format": "byte"
              }
            }
          },
          "security": [
            {
              "Apikey": []
            }
          ]
        }
      },
      "/convert/validate/docx": {
        "post": {
          "tags": [
            "ValidateDocument"
          ],
          "summary": "Validate a Word document (DOCX)",
          "description": "Validate a Word document (DOCX); if the document is not valid, identifies the errors in the document",
          "operationId": "ValidateDocument_DocxValidation",
          "consumes": [
            "multipart/form-data"
          ],
          "produces": [
            "application/octet-stream"
          ],
          "parameters": [
            {
              "name": "inputFile",
              "in": "formData",
              "description": "Input file to perform the operation on.",
              "required": true,
              "type": "file",
              "x-ms-summary": "Input file to perform the operation on."
            }
          ],
          "responses": {
            "200": {
              "description": "OK",
              "schema": {
                "type": "object"
              }
            }
          },
          "security": [
            {
              "Apikey": []
            }
          ]
        }
      },
      "/convert/validate/xlsx": {
        "post": {
          "tags": [
            "ValidateDocument"
          ],
          "summary": "Validate a Excel document (XLSX)",
          "description": "Validate a Excel document (XLSX); if the document is not valid, identifies the errors in the document",
          "operationId": "ValidateDocument_XlsxValidation",
          "consumes": [
            "multipart/form-data"
          ],
          "produces": [
            "application/octet-stream"
          ],
          "parameters": [
            {
              "name": "inputFile",
              "in": "formData",
              "description": "Input file to perform the operation on.",
              "required": true,
              "type": "file",
              "x-ms-summary": "Input file to perform the operation on."
            }
          ],
          "responses": {
            "200": {
              "description": "OK",
              "schema": {
                "type": "object"
              }
            }
          },
          "security": [
            {
              "Apikey": []
            }
          ]
        }
      },
      "/convert/validate/pptx": {
        "post": {
          "tags": [
            "ValidateDocument"
          ],
          "summary": "Validate a PowerPoint presentation (PPTX)",
          "description": "Validate a PowerPoint presentation (PPTX); if the document is not valid, identifies the errors in the document",
          "operationId": "ValidateDocument_PptxValidation",
          "consumes": [
            "multipart/form-data"
          ],
          "produces": [
            "application/octet-stream"
          ],
          "parameters": [
            {
              "name": "inputFile",
              "in": "formData",
              "description": "Input file to perform the operation on.",
              "required": true,
              "type": "file",
              "x-ms-summary": "Input file to perform the operation on."
            }
          ],
          "responses": {
            "200": {
              "description": "OK",
              "schema": {
                "type": "object"
              }
            }
          },
          "security": [
            {
              "Apikey": []
            }
          ]
        }
      },
      "/convert/viewer/create/web/simple": {
        "post": {
          "tags": [
            "ViewerTools"
          ],
          "summary": "Create a web-based viewer",
          "description": "Creates an HTML embed code for a simple web-based viewer of a document; supports Office document types and PDF.",
          "operationId": "ViewerTools_CreateSimple",
          "consumes": [
            "multipart/form-data"
          ],
          "produces": [
            "application/json",
            "text/json",
            "application/xml",
            "text/xml"
          ],
          "parameters": [
            {
              "name": "inputFile",
              "in": "formData",
              "description": "Input file to perform the operation on.",
              "required": true,
              "type": "file",
              "x-ms-summary": "Input file to perform the operation on."
            }
          ],
          "responses": {
            "200": {
              "description": "OK",
              "schema": {
                "$ref": "#/definitions/ViewerResponse"
              }
            }
          },
          "security": [
            {
              "Apikey": []
            }
          ]
        }
      }
    },
    "definitions": {
      "AutodetectGetInfoResult": {
        "description": "Result of an autodetect/get-info operation",
        "type": "object",
        "properties": {
          "Successful": {
            "description": "True if the operation was successful, false otherwise",
            "type": "boolean"
          },
          "DetectedFileExtension": {
            "description": "Detected file extension of the file format, with a leading period",
            "type": "string"
          },
          "DetectedMimeType": {
            "description": "MIME type of this file extension",
            "type": "string"
          },
          "AlternateFileTypeCandidates": {
            "description": "Alternate file type options and their probability",
            "type": "array",
            "items": {
              "$ref": "#/definitions/AlternateFileFormatCandidate"
            }
          }
        }
      },
      "AlternateFileFormatCandidate": {
        "description": "Alternate file format possibility",
        "type": "object",
        "properties": {
          "Probability": {
            "format": "double",
            "description": "Probability that this extension is the right one; possible values are between 0.0 (lowest confidence) and 1.0 (highest confidence)",
            "type": "number"
          },
          "DetectedFileExtension": {
            "description": "Detected file extension of the file format, with a leading period",
            "type": "string"
          },
          "DetectedMimeType": {
            "description": "MIME type of this file extension",
            "type": "string"
          }
        }
      },
      "MultipageImageFormatConversionResult": {
        "description": "Result of converting a multi-page image into individual pages with a different format",
        "type": "object",
        "properties": {
          "Successful": {
            "description": "True if successful, false otherwise",
            "type": "boolean"
          },
          "PageCount": {
            "format": "int32",
            "description": "The number of pages in the converted output",
            "type": "integer"
          },
          "Pages": {
            "description": "Converted page results",
            "type": "array",
            "items": {
              "$ref": "#/definitions/PageConversionResult"
            }
          }
        }
      },
      "PageConversionResult": {
        "description": "Converted page as an image",
        "type": "object",
        "properties": {
          "Filename": {
            "description": "File name of the image in the converted file format",
            "type": "string"
          },
          "FileBytes": {
            "format": "byte",
            "description": "File bytes (contents) of the image in converted file format",
            "type": "string"
          }
        }
      },
      "GetImageInfoResult": {
        "description": "Result of running a get-info operation on an image",
        "type": "object",
        "properties": {
          "Successful": {
            "type": "boolean"
          },
          "ColorSpace": {
            "description": "Color space of the image",
            "type": "string"
          },
          "ColorType": {
            "description": "Color type of the image",
            "type": "string"
          },
          "Width": {
            "format": "int32",
            "description": "Width in pixels of the image",
            "type": "integer"
          },
          "Height": {
            "format": "int32",
            "description": "Height in pixels of the image",
            "type": "integer"
          },
          "CompressionLevel": {
            "format": "int32",
            "description": "Compression level value from 0 (lowest quality) to 100 (highest quality)",
            "type": "integer"
          },
          "ImageHashSignature": {
            "description": "SHA256 hash signature of the image",
            "type": "string"
          },
          "HasTransparency": {
            "description": "True if the image contains transparency, otherwise false",
            "type": "boolean"
          },
          "MimeType": {
            "description": "MIME type of the image format",
            "type": "string"
          },
          "ImageFormat": {
            "description": "Image format",
            "type": "string"
          },
          "DPIUnit": {
            "description": "Units of the DPI measurement; can be either in Inches or Centimeters",
            "type": "string"
          },
          "DPI": {
            "format": "double",
            "description": "DPI (pixels per unit, e.g. pixels per inch) of the image",
            "type": "number"
          },
          "ColorCount": {
            "format": "int32",
            "description": "Unique colors in the image",
            "type": "integer"
          },
          "BitDepth": {
            "format": "int32",
            "description": "Bit depth of the image",
            "type": "integer"
          },
          "Comment": {
            "description": "Comment string in the image",
            "type": "string"
          },
          "ExifProfileName": {
            "description": "Name of the EXIF profile used",
            "type": "string"
          },
          "ExifValues": {
            "description": "EXIF tags and values embedded in the image",
            "type": "array",
            "items": {
              "$ref": "#/definitions/ExifValue"
            }
          }
        }
      },
      "ExifValue": {
        "description": "EXIF tag and value",
        "type": "object",
        "properties": {
          "Tag": {
            "description": "Tag name for the EXIF value",
            "type": "string"
          },
          "DataType": {
            "description": "Date type of the EXIF value",
            "type": "string"
          },
          "DataValue": {
            "description": "Value, formatted as a string of the EXIF value",
            "type": "string"
          }
        }
      },
      "HtmlTemplateApplicationRequest": {
        "description": "HTML template application request",
        "type": "object",
        "properties": {
          "HtmlTemplate": {
            "description": "HTML template input as a string",
            "type": "string"
          },
          "HtmlTemplateUrl": {
            "description": "URL to HTML template input",
            "type": "string"
          },
          "Operations": {
            "description": "Operations to apply to this template",
            "type": "array",
            "items": {
              "$ref": "#/definitions/HtmlTemplateOperation"
            }
          }
        }
      },
      "HtmlTemplateOperation": {
        "type": "object",
        "properties": {
          "Action": {
            "format": "int32",
            "description": "Operation action to take; possible values are \"Replace\"",
            "enum": [
              1
            ],
            "type": "integer"
          },
          "MatchAgsint": {
            "description": "For Replace operations, the string to match against (to be replaced with ReplaceWith string)",
            "type": "string"
          },
          "ReplaceWith": {
            "description": "For Replace operations, the string to Replace the original string with",
            "type": "string"
          }
        }
      },
      "HtmlTemplateApplicationResponse": {
        "description": "Response from an HTML template application",
        "type": "object",
        "properties": {
          "Successful": {
            "description": "True if the operation was successful, false otherwise",
            "type": "boolean"
          },
          "FinalHtml": {
            "description": "Final HTML result of all operations on input",
            "type": "string"
          }
        }
      },
      "ScreenshotRequest": {
        "description": "Details of the screenshot request",
        "type": "object",
        "properties": {
          "Url": {
            "description": "URL address of the website to screenshot.  HTTP and HTTPS are both supported, as are custom ports.",
            "type": "string"
          },
          "ExtraLoadingWait": {
            "format": "int32",
            "description": "Optional: Additional number of milliseconds to wait once the web page has finished loading before taking the screenshot.  Can be helpful for highly asynchronous websites.  Provide a value of 0 for the default of 5000 milliseconds (5 seconds)",
            "type": "integer"
          },
          "ScreenshotWidth": {
            "format": "int32",
            "description": "Optional: Width of the screenshot in pixels; supply 0 to default to 1280 x 1024, supply -1 to measure the full screen height of the page and attempt to take a screen-height screenshot",
            "type": "integer"
          },
          "ScreenshotHeight": {
            "format": "int32",
            "description": "Optional: Height of the screenshot in pixels; supply 0 to default to 1280 x 1024, supply -1 to measure the full screen height of the page and attempt to take a screen-height screenshot",
            "type": "integer"
          }
        }
      },
      "HtmlToPdfRequest": {
        "description": "Details of the HTML to PDF request",
        "type": "object",
        "properties": {
          "Html": {
            "description": "HTML to render to PDF",
            "type": "string"
          },
          "ExtraLoadingWait": {
            "format": "int32",
            "description": "Optional: Additional number of milliseconds to wait once the web page has finished loading before taking the screenshot.  Can be helpful for highly asynchronous websites.",
            "type": "integer"
          }
        }
      },
      "HtmlToOfficeRequest": {
        "description": "Details of the HTML to Office request",
        "type": "object",
        "properties": {
          "Html": {
            "description": "HTML to render to Office format",
            "type": "string"
          }
        }
      },
      "ViewerResponse": {
        "description": "Result of creating a viewer",
        "type": "object",
        "properties": {
          "HtmlEmbed": {
            "type": "string"
          },
          "Successful": {
            "type": "boolean"
          }
        }
      }
    },
    "securityDefinitions": {
      "Apikey": {
        "type": "apiKey",
        "description": "API Key Authentication",
        "name": "Apikey",
        "in": "header"
      }
    }
  }