{"id":"_root_form","name":"","ruleGroups":[{"name":"RULES_RULETYPE_STANDARD_NAME","description":"RULES_RULETYPE_STANDARD_DESCRIPTION","isEnabled":true,"rules":[{"name":"Set Grand Total","isEnabled":true,"thens":[{"identifier":"_3a5ZM6D3gY","property":"value","value":{"$ref":"variable","dataType":{"type":"number","format":"decimal"},"variableId":"fv_total_QeqmKIYGp","displayName":"Total"}}],"elseThens":[],"where":{"ruleOperator":2,"conditions":[{"ruleOperator":1,"conditions":[{"code":"value-is-not-empty","identifier":{"$ref":"variable","dataType":{"type":"number","format":"decimal"},"variableId":"fv_total_QeqmKIYGp","displayName":"Total"}}]}]},"id":0},{"name":"Workflow Progress Visibility","isEnabled":true,"thens":[{"identifier":"_1c179a7562cfc906955b7aaf88255904","property":"visible","value":true}],"elseThens":[],"where":{"ruleOperator":2,"conditions":[{"ruleOperator":1,"conditions":[{"code":"text-is-equals","identifier":{"$ref":"variable","dataType":{"type":"string"},"variableId":"SaveAction","displayName":"Save Action"},"value":"Submit"}]}]},"id":1}],"type":0}],"pageSettings":{"pageTitleSize":"Heading 4","pageFlow":"1","pageStyle":"1","showTitle":true,"headerText":"","pages":[{"name":"page_default","title":"Page 1"}]},"version":13,"formType":"","variableContext":{"variables":[{"id":"fv_total_QeqmKIYGp","connectedVariableId":"__spfv_total","displayName":"Total","dataType":{"type":"number","format":"decimal"},"formula":{"raw":"sum([Form].[LineItems].[ItemAmount])","compiled":"sum(__ff__fd24d8ce00d1bca91164d7b8354183d5) /*{compiledVariableMap:{\"0:4:0:35:[Form].[LineItems].[ItemAmount]\":{\"name\":\"__ff__fd24d8ce00d1bca91164d7b8354183d5\",\"from\":{\"line\":0,\"ch\":4},\"to\":{\"line\":0,\"ch\":35}}}}*/","usedVariableIds":"__ff__fd24d8ce00d1bca91164d7b8354183d5"},"formModes":[0,1,2]}]},"settings":{"GeneralShowPrint":true,"PublishToMobile":true,"EntitlementType":"1","TimeZone":"Pacific Standard Time","Region":"en-US","TimeFormat":"12H","GeneralDefaultFileUpLoadControl":"_zYUJHbDs9M"},"rows":[{"controls":[{"id":"_89c6f2becd21fb1cf4c94f24bd44d3a4","dataType":"string","widget":"richtext-label","properties":{"required":false,"readOnly":false,"visible":true,"isConnectedToVariable":false,"customizeName":false,"validationErrors":[],"name":"Header","title":"Label 1","format":"","helpText":"","tooltip":"","helpLink":"","helpLinkLabel":"","requiredValidationMessage":"","defaultValue":"","connectedVariableId":"","controlFillColor":"","borderColor":"","inputColor":"","backgroundColor":"","text":"<h3 class=\"nx-theme-heading-1\">Expense Report</h3>","verticalAlignment":"1"},"sourceVariable":{"id":"","displayName":"Header","autoGenerateName":true}}],"sizes":[12],"autoResizing":true,"restrictions":{},"pageName":"page_default"},{"controls":[{"id":"_ltVi6HQASt","dataType":"string","widget":"people-picker","widgetMinimumSize":3,"properties":{"required":true,"readOnly":false,"visible":true,"isConnectedToVariable":true,"customizeName":false,"validationErrors":[],"name":"Employee","title":"Employee","format":"","helpText":"","tooltip":"","helpLink":"","helpLinkLabel":"","requiredValidationMessage":"","defaultValue":"","connectedVariableId":"Employee","controlFillColor":"","borderColor":"","inputColor":"","backgroundColor":"","entitiesToInclude":["1","4","8"],"isBound":true,"maxValue":25,"resolved":true,"allowMultiple":false,"isConfigPanel":false,"sharePointGroup":"0"},"sourceVariable":{"id":"","displayName":"Employee","autoGenerateName":true}},{"id":"_QLHWEQj43L","dataType":"string","widget":"textbox","properties":{"required":true,"readOnly":false,"visible":true,"isConnectedToVariable":true,"customizeName":false,"validationErrors":[],"name":"Title","title":"Title","format":"","helpText":"","tooltip":"","helpLink":"","helpLinkLabel":"","requiredValidationMessage":"","defaultValue":"","connectedVariableId":"Title","controlFillColor":"","borderColor":"","inputColor":"","backgroundColor":"","maxLength":255,"placeholder":"","mask":""},"sourceVariable":{"id":"","displayName":"Title","autoGenerateName":true}}],"sizes":[4,8],"autoResizing":false,"restrictions":{},"pageName":"page_default"},{"controls":[{"id":"_9b20e2720e1db40fb1e58f59fb5865c3","dataType":"object","widget":"repeating-section","properties":{"required":false,"readOnly":false,"visible":true,"isConnectedToVariable":true,"customizeName":true,"validationErrors":[],"name":"LineItems","title":"LineItems","format":"repeating-section","helpText":"","tooltip":"","helpLink":"","helpLinkLabel":"","requiredValidationMessage":"","defaultValue":"","connectedVariableId":"LineItems","controlFillColor":"","borderColor":"","inputColor":"","backgroundColor":"","showHeader":true,"showBorder":true,"translateHeader":false,"isNestedControl":true,"runtimeForms":[],"formattingOptions":["0","1"],"addRowButtonLabel":"Add new row","minRows":1,"maxRows":50,"defaultRows":1,"alternateBackgroundColour":true,"templateForm":{"id":"_9b20e2720e1db40fb1e58f59fb5865c3","name":"LineItems","ruleGroups":[],"version":13},"type":"Plain","headerText":"<p>Line Items</p>","templateFormJson":"{\"id\":\"_9b20e2720e1db40fb1e58f59fb5865c3\",\"name\":\"LineItems\",\"ruleGroups\":[{\"name\":\"RULES_RULETYPE_AUTOMATIC_NAME\",\"description\":\"RULES_RULETYPE_AUTOMATIC_DESCRIPTION\",\"isEnabled\":true,\"rules\":[{\"name\":\"Generated rule for OnLoad with Primitive values\",\"isEnabled\":true,\"where\":{\"ruleOperator\":2,\"conditions\":[{\"code\":\"form-on-load\",\"identifier\":\"__Form\"}]},\"thens\":[{\"identifier\":\"_50f8def6433a5a27d48cf093ae228ffc\",\"property\":\"value\",\"value\":\"Other\"}]}],\"type\":3}],\"version\":13,\"rows\":[{\"controls\":[{\"id\":\"_50f8def6433a5a27d48cf093ae228ffc\",\"dataType\":\"string\",\"widget\":\"choice\",\"properties\":{\"required\":false,\"readOnly\":false,\"visible\":true,\"isConnectedToVariable\":true,\"customizeName\":true,\"validationErrors\":[],\"name\":\"ItemType\",\"title\":\"Type\",\"format\":\"\",\"helpText\":\"\",\"tooltip\":\"\",\"helpLink\":\"\",\"helpLinkLabel\":\"\",\"requiredValidationMessage\":\"\",\"defaultValue\":\"Other\",\"connectedVariableId\":\"\",\"controlFillColor\":\"\",\"borderColor\":\"\",\"inputColor\":\"\",\"backgroundColor\":\"\",\"viewType\":\"1\",\"layoutType\":\"0\",\"searchable\":true,\"showDescription\":false,\"showHelpText\":false,\"allowFillInOption\":false,\"fillInTextMaxLength\":255,\"fillInPlaceholder\":\"Other\",\"showPleaseSelect\":false,\"items\":\"Flight,Hotel,Other\"},\"sourceVariable\":{\"id\":\"\",\"displayName\":\"ItemType\",\"autoGenerateName\":false}},{\"id\":\"_5c22acd4e0a0dd6abccf0f73b61719c5\",\"dataType\":\"string\",\"widget\":\"datetime\",\"widgetMinimumSize\":3,\"properties\":{\"required\":false,\"readOnly\":false,\"visible\":true,\"isConnectedToVariable\":true,\"customizeName\":true,\"validationErrors\":[],\"name\":\"ItemDate\",\"title\":\"Date\",\"format\":\"date-time\",\"helpText\":\"\",\"tooltip\":\"\",\"helpLink\":\"\",\"helpLinkLabel\":\"\",\"requiredValidationMessage\":\"\",\"defaultValue\":\"\",\"connectedVariableId\":\"\",\"controlFillColor\":\"\",\"borderColor\":\"\",\"inputColor\":\"\",\"backgroundColor\":\"\",\"showDateOnly\":true,\"restrictPastDates\":false},\"sourceVariable\":{\"id\":\"\",\"displayName\":\"ItemDate\",\"autoGenerateName\":false}},{\"id\":\"_3f527bd6bd769aa6a5733d1c267adcac\",\"dataType\":\"string\",\"widget\":\"textbox\",\"properties\":{\"required\":false,\"readOnly\":false,\"visible\":true,\"isConnectedToVariable\":true,\"customizeName\":true,\"validationErrors\":[],\"name\":\"ItemDescription\",\"title\":\"Description\",\"format\":\"\",\"helpText\":\"\",\"tooltip\":\"\",\"helpLink\":\"\",\"helpLinkLabel\":\"\",\"requiredValidationMessage\":\"\",\"defaultValue\":\"\",\"connectedVariableId\":\"\",\"controlFillColor\":\"\",\"borderColor\":\"\",\"inputColor\":\"\",\"backgroundColor\":\"\",\"placeholder\":\"\",\"mask\":\"\"},\"sourceVariable\":{\"id\":\"\",\"displayName\":\"ItemDescription\",\"autoGenerateName\":false}},{\"id\":\"_fd24d8ce00d1bca91164d7b8354183d5\",\"dataType\":\"number\",\"widget\":\"currency\",\"widgetMinimumSize\":3,\"properties\":{\"required\":false,\"readOnly\":false,\"visible\":true,\"isConnectedToVariable\":true,\"customizeName\":true,\"validationErrors\":[],\"name\":\"ItemAmount\",\"title\":\"Amount\",\"format\":\"currency\",\"helpText\":\"\",\"tooltip\":\"\",\"helpLink\":\"\",\"helpLinkLabel\":\"\",\"requiredValidationMessage\":\"\",\"defaultValue\":\"\",\"connectedVariableId\":\"\",\"controlFillColor\":\"\",\"borderColor\":\"\",\"inputColor\":\"\",\"backgroundColor\":\"\",\"placeholder\":\"\",\"currencyFormat\":\"USD\",\"decimalPlaces\":-1,\"enableRangeValidation\":false},\"sourceVariable\":{\"id\":\"\",\"displayName\":\"ItemAmount\",\"autoGenerateName\":false}}],\"sizes\":[3,3,3,3],\"autoResizing\":true,\"restrictions\":{},\"pageName\":\"page_default\",\"containerName\":\"_9b20e2720e1db40fb1e58f59fb5865c3\"}]}"},"sourceVariable":{"id":"","displayName":"LineItems","autoGenerateName":false}}],"sizes":[12],"autoResizing":true,"restrictions":{},"pageName":"page_default"},{"controls":[{"id":"_3a5ZM6D3gY","dataType":"number","widget":"currency","widgetMinimumSize":3,"properties":{"required":false,"readOnly":true,"visible":true,"isConnectedToVariable":true,"customizeName":false,"validationErrors":[],"name":"GrandTotal","title":"Grand Total","format":"currency","helpText":"","tooltip":"","helpLink":"","helpLinkLabel":"","requiredValidationMessage":"","defaultValue":"","connectedVariableId":"GrandTotal","controlFillColor":"","borderColor":"","inputColor":"","backgroundColor":"","placeholder":"","currencyFormat":"USD","decimalPlaces":2,"enableRangeValidation":true},"sourceVariable":{"id":"","displayName":"GrandTotal","autoGenerateName":true}},{"id":"_zYUJHbDs9M","dataType":"array","widget":"file-upload","widgetMinimumSize":6,"properties":{"required":false,"readOnly":false,"visible":true,"isConnectedToVariable":true,"customizeName":false,"validationErrors":[],"name":"Attachments","title":"Attachments","format":"x-ntx-file-reference","helpText":"","tooltip":"","helpLink":"","helpLinkLabel":"","requiredValidationMessage":"","defaultValue":"","connectedVariableId":"","controlFillColor":"","borderColor":"","inputColor":"","backgroundColor":"","acceptedFileTypesGroup":["0","1"],"customAcceptedFileExtensions":"","maxLength":25,"maxFileSize":25,"itemsType":{"format":"x-ntx-file-reference","type":"array"},"target":"Related__List"},"sourceVariable":{"id":"","displayName":"Attachments","autoGenerateName":true}}],"sizes":[3,9],"autoResizing":false,"restrictions":{},"pageName":"page_default"},{"controls":[{"id":"_rH5HSMA36F","dataType":"string","widget":"choice","properties":{"required":true,"readOnly":false,"visible":true,"isConnectedToVariable":true,"customizeName":false,"validationErrors":[],"name":"SaveAction","title":"Save Action","format":"","helpText":"","tooltip":"","helpLink":"","helpLinkLabel":"","requiredValidationMessage":"","defaultValue":"","connectedVariableId":"SaveAction","controlFillColor":"","borderColor":"","inputColor":"","backgroundColor":"","viewType":"0","layoutType":"1","searchable":true,"showDescription":false,"showHelpText":false,"allowFillInOption":false,"fillInTextMaxLength":255,"fillInPlaceholder":"Other","showPleaseSelect":false,"items":"Draft|Draft,Submit|Submit"},"sourceVariable":{"id":"","displayName":"SaveAction","autoGenerateName":true}}],"sizes":[12],"autoResizing":true,"restrictions":{},"pageName":"page_default"},{"controls":[{"id":"_1c179a7562cfc906955b7aaf88255904","widget":"group-control","properties":{"required":false,"readOnly":false,"visible":false,"isConnectedToVariable":false,"customizeName":false,"validationErrors":[],"name":"Workflow Progress","title":"Group 1","format":"","helpText":"","tooltip":"","helpLink":"","helpLinkLabel":"","requiredValidationMessage":"","defaultValue":"","connectedVariableId":"","controlFillColor":"","borderColor":"","inputColor":"","backgroundColor":"","rows":[{"controls":[{"id":"_ftoDXM2sh2","dataType":"string","widget":"datetime","widgetMinimumSize":3,"properties":{"required":false,"readOnly":true,"visible":true,"isConnectedToVariable":true,"customizeName":false,"validationErrors":[],"name":"SubmittedOn","title":"Submitted On","format":"date-time","helpText":"","tooltip":"","helpLink":"","helpLinkLabel":"","requiredValidationMessage":"","defaultValue":"","connectedVariableId":"SubmittedOn","controlFillColor":"","borderColor":"","inputColor":"","backgroundColor":"","showDateOnly":true,"restrictPastDates":false},"sourceVariable":{"id":"","displayName":"SubmittedOn","autoGenerateName":true}},{"id":"_0K1MxYz9FZ","dataType":"string","widget":"textbox","properties":{"required":false,"readOnly":true,"visible":true,"isConnectedToVariable":true,"customizeName":false,"validationErrors":[],"name":"Status","title":"Status","format":"","helpText":"","tooltip":"","helpLink":"","helpLinkLabel":"","requiredValidationMessage":"","defaultValue":"","connectedVariableId":"Status","controlFillColor":"","borderColor":"","inputColor":"","backgroundColor":"","maxLength":255,"placeholder":"","mask":""},"sourceVariable":{"id":"","displayName":"Status","autoGenerateName":true}},{"id":"_6muKQ9N47L","dataType":"string","widget":"datetime","widgetMinimumSize":3,"properties":{"required":false,"readOnly":true,"visible":true,"isConnectedToVariable":true,"customizeName":false,"validationErrors":[],"name":"ReviewedOn","title":"Reviewed On","format":"date-time","helpText":"","tooltip":"","helpLink":"","helpLinkLabel":"","requiredValidationMessage":"","defaultValue":"","connectedVariableId":"ReviewedOn","controlFillColor":"","borderColor":"","inputColor":"","backgroundColor":"","showDateOnly":true,"restrictPastDates":false},"sourceVariable":{"id":"","displayName":"ReviewedOn","autoGenerateName":true}},{"id":"_jeDf1OOLqR","dataType":"string","widget":"people-picker","widgetMinimumSize":3,"properties":{"required":false,"readOnly":true,"visible":true,"isConnectedToVariable":true,"customizeName":false,"validationErrors":[],"name":"ReviewedBy","title":"Reviewed By","format":"","helpText":"","tooltip":"","helpLink":"","helpLinkLabel":"","requiredValidationMessage":"","defaultValue":"","connectedVariableId":"ReviewedBy","controlFillColor":"","borderColor":"","inputColor":"","backgroundColor":"","entitiesToInclude":["1","4","8"],"isBound":true,"maxValue":25,"resolved":true,"allowMultiple":false,"isConfigPanel":false,"sharePointGroup":"0"},"sourceVariable":{"id":"","displayName":"ReviewedBy","autoGenerateName":true}}],"sizes":[3,3,3,3],"autoResizing":true,"restrictions":{},"pageName":"page_default","containerName":"_1c179a7562cfc906955b7aaf88255904"}],"showHeader":true,"showBorder":true,"translateHeader":false,"isNestedControl":true,"formattingOptions":["0","1","2"],"headerText":"<p>Workflow Progress</p>"},"sourceVariable":{"id":"","displayName":"Workflow Progress","autoGenerateName":true}}],"sizes":[12],"autoResizing":true,"restrictions":{},"pageName":"page_default"},{"controls":[{"id":"actionpanel1","widget":"actionpanel","properties":{"required":false,"readOnly":false,"visible":true,"isConnectedToVariable":false,"customizeName":false,"validationErrors":[],"name":"Action panel","title":"","format":"","helpText":"","tooltip":"","helpLink":"","helpLinkLabel":"","requiredValidationMessage":"","defaultValue":"","connectedVariableId":"","controlFillColor":"","borderColor":"","inputColor":"","backgroundColor":"","captchaEnabled":false,"submitButtonText":"Submit","afterSubmitType":"0","redirectURL":"https://","nextButtonText":"Next","previousButtonText":"Previous"},"sourceVariable":{"id":"","displayName":"Action panel","autoGenerateName":true}}],"sizes":[12],"autoResizing":true,"restrictions":{}}]}