First Name,Last Name,Email Address,Title,Company,City,State,Budget,Event
Blanche,Potts,Blanche.Potts@demo.demo,CEO,Nintex,Bellevue,Washington,100000,RPA Webinar
Carole,Vega,Carole.Vega@demo.demo,Chief Evangelist,Texas State Bank,Snyder,Texas,10000,RPA Webinar
Chester,Carney,Chester.Carney@demo.demo,VP of Product,Nintex,Orlando,Florida,30000,RPA Webinar
Cleo,Groves,Cleo.Groves@demo.demo,Product Team Manager,Nintex,Irvine,California,50000,RPA Webinar
Cornelius,Dorsey,Cornelius.Dorsey@demo.demo,Senior Product Manager,Bank of the West,San Francisco,California,5000,RPA Webinar
