{
  "swagger": "2.0",
  "info": {
    "description": "This API provides access to WellSaid Labs text-to-speech rendering service.",
    "title": "WellSaid Labs TTS",
    "version": "v1"
  },
  "host": "api.wellsaidlabs.com",
  "basePath": "/v1/tts",
  "schemes": [
    "https"
  ],
  "securityDefinitions": {
    "apiKey": {
      "type": "apiKey",
      "name": "X-Api-Key",
      "in": "header"
    }
  },
  "security": [
    {
      "apiKey": []
    }
  ],
  "paths": {
    "/stream": {
      "post": {
        "summary": "Render Text to Speech",
        "description": "This method turns text input into a consumable audio stream.",
        "parameters": [
          {
            "name": "body",
            "in": "body",
            "schema": {
              "type": "object",
              "properties": {
                "speaker_id": {
                  "x-ntx-summary": "Speaker ID",
                  "type": "integer",
                  "enum": [
                    3,
                    4,
                    7,
                    8,
                    9,
                    10,
                    11,
                    12,
                    13,
                    14,
                    15,
                    16,
                    17,
                    18
                  ]
                },
                "text": {
                  "type": "string",
                  "x-ntx-summary": "Text",
                  "maxLength": 300,
                  "minLength": 1
                }
              }
            },
            "x-ntx-summary": "Text to Speech",
            "description": "This method turns text input into a consumable audio stream."
          }
        ],
        "consumes": [
          "application/json"
        ],
        "produces": [
          "audio/mpeg"
        ],
        "responses": {
          "200": {
            "description": "Success",
            "schema": {
              "type": "file"
            }
          }
        }
      }
    }
  }
}