{
  "swagger": "2.0",
  "info": {
    "description": "Url Shortener",
    "version": "1.0.0",
    "title": "Urlday API"
  },
  "x-ntx-render-version": 2,
  "host": "www.urlday.com",
  "basePath": "/api/v1",
  "schemes": [
    "https"
  ],
  "securityDefinitions": {
    "Bearer": {
      "type": "apiKey",
      "name": "Authorization",
      "in": "header"
    }
  },
  "security": [
    {
      "Bearer": []
    }
  ],
  "consumes": [
    "application/json"
  ],
  "produces": [
    "application/json"
  ],
  "paths": {
    "/links": {
      "get": {
        "description": "List all links",
        "operationId": "listAllLinks",
        "x-ntx-summary": "List all links",
        "responses": {
          "200": {
            "description": "Ok",
            "schema": {
              "$ref": "#/definitions/getLinks"
            }
          },
          "400": {
            "description": "You Get NOTHING!"
          }
        }
      },
      "post": {
        "summary": "Create a link",
        "description": "Create a link",
        "operationId": "createLink",
        "x-ntx-summary": "Create a link",
        "consumes": [
          "application/x-www-form-urlencoded"
        ],
        "parameters": [
          {
            "name": "url",
            "in": "formData",
            "type": "string",
            "description": "Url",
            "required": true
          },
          {
            "name": "alias",
            "in": "formData",
            "type": "string",
            "description": "Alias",
            "required": false
          },
          {
            "name": "password",
            "in": "formData",
            "type": "string",
            "description": "Password",
            "required": false
          },
          {
            "name": "space",
            "in": "formData",
            "type": "integer",
            "description": "Space",
            "required": false
          },
          {
            "name": "domain",
            "in": "formData",
            "type": "integer",
            "description": "Domain",
            "required": false
          },
          {
            "name": "disabled",
            "in": "formData",
            "type": "string",
            "description": "Disabled",
            "required": false
          },
          {
            "name": "public",
            "in": "formData",
            "type": "string",
            "description": "Public",
            "required": false
          },
          {
            "name": "expiration_url",
            "in": "formData",
            "type": "string",
            "description": "Expiration URL",
            "required": false
          },
          {
            "name": "expiration_date",
            "in": "formData",
            "type": "string",
            "description": "Expiration Date",
            "required": false
          },
          {
            "name": "expiration_time",
            "in": "formData",
            "type": "string",
            "description": "Expiration Time",
            "required": false
          }
        ],
        "responses": {
          "200": {
            "description": "Success",
            "schema": {
              "$ref": "#/definitions/createdLink"
            }
          }
        }
      }
    },
    "/links/{id}": {
      "get": {
        "description": "Get a link's details",
        "operationId": "getLinksDetails",
        "x-ntx-summary": "Get a link's details",
        "parameters": [
          {
            "name": "id",
            "in": "path",
            "description": "ID",
            "required": true,
            "type": "string"
          }
        ],
        "responses": {
          "200": {
            "description": "Ok",
            "schema": {
              "$ref": "#/definitions/createdLink"
            }
          },
          "400": {
            "description": "You Get NOTHING!"
          }
        }
      },
      "delete": {
        "description": "Delete a link",
        "operationId": "deleteLink",
        "x-ntx-summary": "Delete a link",
        "parameters": [
          {
            "name": "id",
            "in": "path",
            "description": "ID",
            "required": true,
            "type": "string"
          }
        ],
        "responses": {
          "200": {
            "description": "Ok",
            "schema": {
              "$ref": "#/definitions/deleteLink"
            }
          },
          "400": {
            "description": "You Get NOTHING!"
          }
        }
      },
      "put": {
        "description": "Update a link",
        "operationId": "updateLink",
        "x-ntx-summary": "Update a link",
        "consumes": [
          "application/x-www-form-urlencoded"
        ],
        "parameters": [
          {
            "name": "id",
            "in": "path",
            "description": "ID",
            "required": true,
            "type": "string"
          },
          {
            "name": "url",
            "in": "formData",
            "type": "string",
            "description": "Url",
            "required": true
          },
          {
            "name": "alias",
            "in": "formData",
            "type": "string",
            "description": "Alias",
            "required": false
          },
          {
            "name": "password",
            "in": "formData",
            "type": "string",
            "description": "Password",
            "required": false
          },
          {
            "name": "space",
            "in": "formData",
            "type": "integer",
            "description": "Space",
            "required": false
          },
          {
            "name": "domain",
            "in": "formData",
            "type": "integer",
            "description": "Domain",
            "required": false
          },
          {
            "name": "disabled",
            "in": "formData",
            "type": "string",
            "description": "Disabled",
            "required": false
          },
          {
            "name": "public",
            "in": "formData",
            "type": "string",
            "description": "Public",
            "required": false
          },
          {
            "name": "expiration_url",
            "in": "formData",
            "type": "string",
            "description": "Expiration URL",
            "required": false
          },
          {
            "name": "expiration_date",
            "in": "formData",
            "type": "string",
            "description": "Expiration Date",
            "required": false
          },
          {
            "name": "expiration_time",
            "in": "formData",
            "type": "string",
            "description": "Expiration Time",
            "required": false
          }
        ],
        "responses": {
          "200": {
            "description": "Ok",
            "schema": {
              "$ref": "#/definitions/createdLink"
            }
          },
          "400": {
            "description": "You Get NOTHING!"
          }
        }
      }
    }
  },
  "definitions": {
    "createdLink": {
      "type": "object",
      "properties": {
        "data": {
          "$ref": "#/definitions/createdLinkData"
        },
        "status": {
          "type": "integer"
        }
      }
    },
    "createdLinkData": {
      "type": "object",
      "properties": {
        "id": {
          "type": "integer"
        },
        "alias": {
          "type": "string"
        },
        "url": {
          "type": "string"
        },
        "short_url": {
          "type": "string"
        },
        "title": {
          "type": "string"
        }
      }
    },
    "getLinks": {
      "type": "object",
      "properties": {
        "data": {
          "$ref": "#/definitions/getLinksData"
        },
        "links": {
          "$ref": "#/definitions/getLinksLinks"
        },
        "meta": {
          "$ref": "#/definitions/getLinksMeta"
        }
      }
    },
    "getLinksData": {
      "type": "array",
      "items": {
        "type": "object",
        "properties": {
          "id": {
            "type": "integer"
          },
          "alias": {
            "type": "string"
          },
          "url": {
            "type": "string"
          },
          "short_url": {
            "type": "string"
          }
        }
      }
    },
    "getLinksLinks": {
      "type": "object",
      "properties": {
        "first": {
          "type": "string"
        },
        "last": {
          "type": "string"
        },
        "prev": {
          "type": "string"
        },
        "next": {
          "type": "string"
        }
      }
    },
    "getLinksMeta": {
      "type": "object",
      "properties": {
        "current_page": {
          "type": "integer"
        },
        "from": {
          "type": "integer"
        },
        "last_page": {
          "type": "integer"
        },
        "path": {
          "type": "string"
        },
        "per_page": {
          "type": "integer"
        },
        "to": {
          "type": "integer"
        },
        "total": {
          "type": "integer"
        }
      }
    },
    "deleteLink": {
      "type": "object",
      "properties": {
        "id": {
          "type": "integer"
        },
        "object": {
          "type": "string"
        },
        "deleted": {
          "type": "boolean"
        },
        "status": {
          "type": "integer"
        }
      }
    }
  }
}