{"id":"_root_form","name":"","ruleGroups":[],"pageSettings":{"pageTitleSize":"Heading 4","pageFlow":"1","pageStyle":"1","showTitle":true,"headerText":"","pages":[{"name":"page_default","title":"Page 1"}]},"version":13,"formType":"","variableContext":{"variables":[]},"settings":{"GeneralShowPrint":true,"PublishToMobile":true,"EntitlementType":"1","TimeZone":"Pacific Standard Time","Region":"en-US","TimeFormat":"12H","GeneralDefaultFileUpLoadControl":"ntx-no-default-control"},"rows":[{"controls":[{"id":"_6905b9eaf95f1ba2b0621c651cc7174c","dataType":"string","widget":"image","properties":{"required":false,"readOnly":false,"visible":true,"isConnectedToVariable":false,"customizeName":false,"validationErrors":[],"name":"Image 1","title":"Image 1","format":"","helpText":"","tooltip":"","helpLink":"","helpLinkLabel":"","requiredValidationMessage":"","defaultValue":"","connectedVariableId":"","controlFillColor":"","borderColor":"","inputColor":"","backgroundColor":"","placeholder":"","alignment":"0","width":100,"url":"https://image.ibb.co/e5rbow/Safalo-Logo-Blue-Horizontal-small-85.png"},"sourceVariable":{"id":"","displayName":"Image 1","autoGenerateName":true}},{"id":"_3f63028602a8e518e27f81f9e0fa1a53","dataType":"string","widget":"richtext-label","properties":{"required":false,"readOnly":false,"visible":true,"isConnectedToVariable":false,"customizeName":false,"validationErrors":[],"name":"Label 1","title":"Label 1","format":"","helpText":"","tooltip":"","helpLink":"","helpLinkLabel":"","requiredValidationMessage":"","defaultValue":"","connectedVariableId":"","controlFillColor":"","borderColor":"","inputColor":"","backgroundColor":"","text":"<h3 class=\"nx-theme-heading-1\">Training Feedback Form</h3>","verticalAlignment":"1"},"sourceVariable":{"id":"","displayName":"Label 1","autoGenerateName":true}}],"sizes":[4,8],"autoResizing":false,"restrictions":{},"pageName":"page_default"},{"controls":[{"id":"_9Ov2rR4gva","dataType":"string","widget":"textbox","properties":{"required":true,"readOnly":false,"visible":true,"isConnectedToVariable":true,"customizeName":false,"validationErrors":[],"name":"Course Title  Code","title":"Course Title / Code","format":"","helpText":"","tooltip":"","helpLink":"","helpLinkLabel":"","requiredValidationMessage":"","defaultValue":"","connectedVariableId":"Title","controlFillColor":"","borderColor":"","inputColor":"","backgroundColor":"","maxLength":255,"placeholder":"","mask":""},"sourceVariable":{"id":"","displayName":"Course Title  Code","autoGenerateName":true}}],"sizes":[12],"autoResizing":true,"restrictions":{},"pageName":"page_default"},{"controls":[{"id":"_c195d30d58c0948a85f125fab0a7f49f","widget":"group-control","properties":{"required":false,"readOnly":false,"visible":true,"isConnectedToVariable":false,"customizeName":false,"validationErrors":[],"name":"Group 1","title":"Group 1","format":"","helpText":"","tooltip":"","helpLink":"","helpLinkLabel":"","requiredValidationMessage":"","defaultValue":"","connectedVariableId":"","controlFillColor":"","borderColor":"","inputColor":"","backgroundColor":"","rows":[{"controls":[{"id":"_qkSkgaSUzB","dataType":"string","widget":"choice","properties":{"required":false,"readOnly":false,"visible":true,"isConnectedToVariable":true,"customizeName":false,"validationErrors":[],"name":"The program objectives were clearly defined","title":"The program objectives were clearly defined.","format":"","helpText":"","tooltip":"","helpLink":"","helpLinkLabel":"","requiredValidationMessage":"","defaultValue":"","connectedVariableId":"Theprogramobjectiveswereclearlyd","controlFillColor":"","borderColor":"","inputColor":"","backgroundColor":"","viewType":"1","layoutType":"0","searchable":true,"showDescription":false,"showHelpText":false,"allowFillInOption":false,"fillInTextMaxLength":255,"fillInPlaceholder":"Other","showPleaseSelect":false,"items":"Yes|Yes,No|No,N/A|N/A"},"sourceVariable":{"id":"","displayName":"The program objectives were clearly defined","autoGenerateName":true}},{"id":"_nfoiadl3KI","dataType":"string","widget":"choice","properties":{"required":false,"readOnly":false,"visible":true,"isConnectedToVariable":true,"customizeName":false,"validationErrors":[],"name":"The program objectives were covered by the facilitator","title":"The program objectives were covered by the facilitator.","format":"","helpText":"","tooltip":"","helpLink":"","helpLinkLabel":"","requiredValidationMessage":"","defaultValue":"","connectedVariableId":"_x0032_","controlFillColor":"","borderColor":"","inputColor":"","backgroundColor":"","viewType":"1","layoutType":"0","searchable":true,"showDescription":false,"showHelpText":false,"allowFillInOption":false,"fillInTextMaxLength":255,"fillInPlaceholder":"Other","showPleaseSelect":false,"items":"Yes|Yes,No|No,N/A|N/A"},"sourceVariable":{"id":"","displayName":"The program objectives were covered by the facilitator","autoGenerateName":true}}],"sizes":[6,6],"autoResizing":true,"restrictions":{},"pageName":"page_default","containerName":"_c195d30d58c0948a85f125fab0a7f49f"}],"showHeader":true,"showBorder":true,"translateHeader":false,"isNestedControl":true,"formattingOptions":["0","1","2"],"headerText":"<p class=\"nx-theme-heading-1\"><strong>Program Objectives</strong></p>"},"sourceVariable":{"id":"","displayName":"Group 1","autoGenerateName":true}}],"sizes":[12],"autoResizing":true,"restrictions":{},"pageName":"page_default"},{"controls":[{"id":"_b10e7c3a079ae96dad3a1286ebaee0ac","widget":"group-control","properties":{"required":false,"readOnly":false,"visible":true,"isConnectedToVariable":false,"customizeName":false,"validationErrors":[],"name":"Group 2","title":"Group 2","format":"","helpText":"","tooltip":"","helpLink":"","helpLinkLabel":"","requiredValidationMessage":"","defaultValue":"","connectedVariableId":"","controlFillColor":"","borderColor":"","inputColor":"","backgroundColor":"","rows":[{"controls":[{"id":"_NvEJ9fSNl7","dataType":"string","widget":"choice","properties":{"required":false,"readOnly":false,"visible":true,"isConnectedToVariable":true,"customizeName":false,"validationErrors":[],"name":"The material was the right level of complexity for my background","title":"The material was the right level of complexity for my background.","format":"","helpText":"","tooltip":"","helpLink":"","helpLinkLabel":"","requiredValidationMessage":"","defaultValue":"","connectedVariableId":"_x0033_","controlFillColor":"","borderColor":"","inputColor":"","backgroundColor":"","viewType":"1","layoutType":"0","searchable":true,"showDescription":false,"showHelpText":false,"allowFillInOption":false,"fillInTextMaxLength":255,"fillInPlaceholder":"Other","showPleaseSelect":false,"items":"Yes|Yes,No|No,N/A|N/A"},"sourceVariable":{"id":"","displayName":"The material was the right level of complexity for my background","autoGenerateName":true}},{"id":"_LYgpbDg5Lu","dataType":"string","widget":"choice","properties":{"required":false,"readOnly":false,"visible":true,"isConnectedToVariable":true,"customizeName":false,"validationErrors":[],"name":"The course materials were well organized","title":"The course materials were well organized.","format":"","helpText":"","tooltip":"","helpLink":"","helpLinkLabel":"","requiredValidationMessage":"","defaultValue":"","connectedVariableId":"_x0034_","controlFillColor":"","borderColor":"","inputColor":"","backgroundColor":"","viewType":"1","layoutType":"0","searchable":true,"showDescription":false,"showHelpText":false,"allowFillInOption":false,"fillInTextMaxLength":255,"fillInPlaceholder":"Other","showPleaseSelect":false,"items":"Yes|Yes,No|No,N/A|N/A"},"sourceVariable":{"id":"","displayName":"The course materials were well organized","autoGenerateName":true}}],"sizes":[6,6],"autoResizing":true,"restrictions":{},"pageName":"page_default","containerName":"_b10e7c3a079ae96dad3a1286ebaee0ac"},{"controls":[{"id":"_o4ufaOaI6O","dataType":"string","widget":"choice","properties":{"required":false,"readOnly":false,"visible":true,"isConnectedToVariable":true,"customizeName":false,"validationErrors":[],"name":"The course materials help support the course objectives","title":"The course materials help support the course objectives.","format":"","helpText":"","tooltip":"","helpLink":"","helpLinkLabel":"","requiredValidationMessage":"","defaultValue":"","connectedVariableId":"_x0035_","controlFillColor":"","borderColor":"","inputColor":"","backgroundColor":"","viewType":"1","layoutType":"0","searchable":true,"showDescription":false,"showHelpText":false,"allowFillInOption":false,"fillInTextMaxLength":255,"fillInPlaceholder":"Other","showPleaseSelect":false,"items":"Yes|Yes,No|No,N/A|N/A"},"sourceVariable":{"id":"","displayName":"The course materials help support the course objectives","autoGenerateName":true}},{"id":"_H6R8s9yaTR","dataType":"string","widget":"choice","properties":{"required":false,"readOnly":false,"visible":true,"isConnectedToVariable":true,"customizeName":false,"validationErrors":[],"name":"The content was relevant to my roles needs","title":"The content was relevant to my role's needs.","format":"","helpText":"","tooltip":"","helpLink":"","helpLinkLabel":"","requiredValidationMessage":"","defaultValue":"","connectedVariableId":"_x0036_","controlFillColor":"","borderColor":"","inputColor":"","backgroundColor":"","viewType":"1","layoutType":"0","searchable":true,"showDescription":false,"showHelpText":false,"allowFillInOption":false,"fillInTextMaxLength":255,"fillInPlaceholder":"Other","showPleaseSelect":false,"items":"Yes|Yes,No|No,N/A|N/A"},"sourceVariable":{"id":"","displayName":"The content was relevant to my roles needs","autoGenerateName":true}}],"sizes":[6,6],"autoResizing":true,"restrictions":{},"pageName":"page_default","containerName":"_b10e7c3a079ae96dad3a1286ebaee0ac"}],"showHeader":true,"showBorder":true,"translateHeader":false,"isNestedControl":true,"formattingOptions":["0","1","2"],"headerText":"<p><strong>Course Content and Relevance</strong></p>"},"sourceVariable":{"id":"","displayName":"Group 2","autoGenerateName":true}}],"sizes":[12],"autoResizing":true,"restrictions":{},"pageName":"page_default"},{"controls":[{"id":"_47f0a6a625a18a6058f1f11efd4a1e28","widget":"group-control","properties":{"required":false,"readOnly":false,"visible":true,"isConnectedToVariable":false,"customizeName":false,"validationErrors":[],"name":"Group 3","title":"Group 3","format":"","helpText":"","tooltip":"","helpLink":"","helpLinkLabel":"","requiredValidationMessage":"","defaultValue":"","connectedVariableId":"","controlFillColor":"","borderColor":"","inputColor":"","backgroundColor":"","rows":[{"controls":[{"id":"_Oz1izZ5CUC","dataType":"string","widget":"choice","properties":{"required":false,"readOnly":false,"visible":true,"isConnectedToVariable":true,"customizeName":false,"validationErrors":[],"name":"The facilitator demonstrated a good understanding and effectively delivered the program material","title":"The facilitator demonstrated a good understanding and effectively delivered the program material.","format":"","helpText":"","tooltip":"","helpLink":"","helpLinkLabel":"","requiredValidationMessage":"","defaultValue":"","connectedVariableId":"_x0037_","controlFillColor":"","borderColor":"","inputColor":"","backgroundColor":"","viewType":"1","layoutType":"0","searchable":true,"showDescription":false,"showHelpText":false,"allowFillInOption":false,"fillInTextMaxLength":255,"fillInPlaceholder":"Other","showPleaseSelect":false,"items":"Yes|Yes,No|No,N/A|N/A"},"sourceVariable":{"id":"","displayName":"The facilitator demonstrated a good understanding and effectively delivered the program material","autoGenerateName":true}},{"id":"_ELoZ0g8hWH","dataType":"string","widget":"choice","properties":{"required":false,"readOnly":false,"visible":true,"isConnectedToVariable":true,"customizeName":false,"validationErrors":[],"name":"The facilitator shared hisher experiences with the participants to be able to relate to the content being discussed","title":"The facilitator shared his/her experiences with the participants to be able to relate to the content being discussed.","format":"","helpText":"","tooltip":"","helpLink":"","helpLinkLabel":"","requiredValidationMessage":"","defaultValue":"","connectedVariableId":"_x0038_","controlFillColor":"","borderColor":"","inputColor":"","backgroundColor":"","viewType":"1","layoutType":"0","searchable":true,"showDescription":false,"showHelpText":false,"allowFillInOption":false,"fillInTextMaxLength":255,"fillInPlaceholder":"Other","showPleaseSelect":false,"items":"Yes|Yes,No|No,N/A|N/A"},"sourceVariable":{"id":"","displayName":"The facilitator shared hisher experiences with the participants to be able to relate to the content being discussed","autoGenerateName":true}}],"sizes":[6,6],"autoResizing":true,"restrictions":{},"pageName":"page_default","containerName":"_47f0a6a625a18a6058f1f11efd4a1e28"},{"controls":[{"id":"_Gylc0ymAGu","dataType":"string","widget":"choice","properties":{"required":false,"readOnly":false,"visible":true,"isConnectedToVariable":true,"customizeName":false,"validationErrors":[],"name":"The facilitator did a good job of generating participant interaction while keeping it a safe learning environment","title":"The facilitator did a good job of generating participant interaction while keeping it a safe learning environment.","format":"","helpText":"","tooltip":"","helpLink":"","helpLinkLabel":"","requiredValidationMessage":"","defaultValue":"","connectedVariableId":"_x0039_","controlFillColor":"","borderColor":"","inputColor":"","backgroundColor":"","viewType":"1","layoutType":"0","searchable":true,"showDescription":false,"showHelpText":false,"allowFillInOption":false,"fillInTextMaxLength":255,"fillInPlaceholder":"Other","showPleaseSelect":false,"items":"Yes|Yes,No|No,N/A|N/A"},"sourceVariable":{"id":"","displayName":"The facilitator did a good job of generating participant interaction while keeping it a safe learning environment","autoGenerateName":true}},{"id":"_9PlDvo1rbu","dataType":"string","widget":"choice","properties":{"required":false,"readOnly":false,"visible":true,"isConnectedToVariable":true,"customizeName":false,"validationErrors":[],"name":"The pace of the program was good","title":"The pace of the program was good.","format":"","helpText":"","tooltip":"","helpLink":"","helpLinkLabel":"","requiredValidationMessage":"","defaultValue":"","connectedVariableId":"_x0031_0","controlFillColor":"","borderColor":"","inputColor":"","backgroundColor":"","viewType":"1","layoutType":"0","searchable":true,"showDescription":false,"showHelpText":false,"allowFillInOption":false,"fillInTextMaxLength":255,"fillInPlaceholder":"Other","showPleaseSelect":false,"items":"Yes|Yes,No|No,N/A|N/A"},"sourceVariable":{"id":"","displayName":"The pace of the program was good","autoGenerateName":true}}],"sizes":[6,6],"autoResizing":true,"restrictions":{},"pageName":"page_default","containerName":"_47f0a6a625a18a6058f1f11efd4a1e28"},{"controls":[{"id":"_N6mlhU3nIPM","dataType":"string","widget":"choice","properties":{"required":false,"readOnly":false,"visible":true,"isConnectedToVariable":true,"customizeName":false,"validationErrors":[],"name":"The duration of the learning session was appropriate for the content objectives and complexity","title":"The duration of the learning session was appropriate for the content objectives and complexity.","format":"","helpText":"","tooltip":"","helpLink":"","helpLinkLabel":"","requiredValidationMessage":"","defaultValue":"","connectedVariableId":"_x0031_1","controlFillColor":"","borderColor":"","inputColor":"","backgroundColor":"","viewType":"1","layoutType":"0","searchable":true,"showDescription":false,"showHelpText":false,"allowFillInOption":false,"fillInTextMaxLength":255,"fillInPlaceholder":"Other","showPleaseSelect":false,"items":"Yes|Yes,No|No,N/A|N/A"},"sourceVariable":{"id":"","displayName":"The duration of the learning session was appropriate for the content objectives and complexity","autoGenerateName":true}},{"id":"_pJOHfYd1xFn","dataType":"string","widget":"choice","properties":{"required":false,"readOnly":false,"visible":true,"isConnectedToVariable":true,"customizeName":false,"validationErrors":[],"name":"The breaks were spaced at the right times during the sessions","title":"The breaks were spaced at the right times during the session(s).","format":"","helpText":"","tooltip":"","helpLink":"","helpLinkLabel":"","requiredValidationMessage":"","defaultValue":"","connectedVariableId":"_x0031_2","controlFillColor":"","borderColor":"","inputColor":"","backgroundColor":"","viewType":"1","layoutType":"0","searchable":true,"showDescription":false,"showHelpText":false,"allowFillInOption":false,"fillInTextMaxLength":255,"fillInPlaceholder":"Other","showPleaseSelect":false,"items":"Yes|Yes,No|No,N/A|N/A"},"sourceVariable":{"id":"","displayName":"The breaks were spaced at the right times during the sessions","autoGenerateName":true}}],"sizes":[6,6],"autoResizing":true,"restrictions":{},"pageName":"page_default","containerName":"_47f0a6a625a18a6058f1f11efd4a1e28"}],"showHeader":true,"showBorder":true,"translateHeader":false,"isNestedControl":true,"formattingOptions":["0","1","2"],"headerText":"<p><strong>Facilitator Knowledge and Effectiveness</strong></p>"},"sourceVariable":{"id":"","displayName":"Group 3","autoGenerateName":true}}],"sizes":[12],"autoResizing":true,"restrictions":{},"pageName":"page_default"},{"controls":[{"id":"_294b2d118feb61f6f6fdc95b5546f6e3","widget":"group-control","properties":{"required":false,"readOnly":false,"visible":true,"isConnectedToVariable":false,"customizeName":false,"validationErrors":[],"name":"Group 4","title":"Group 4","format":"","helpText":"","tooltip":"","helpLink":"","helpLinkLabel":"","requiredValidationMessage":"","defaultValue":"","connectedVariableId":"","controlFillColor":"","borderColor":"","inputColor":"","backgroundColor":"","rows":[{"controls":[{"id":"_gmf9mUJvaCb","dataType":"string","widget":"choice","properties":{"required":false,"readOnly":false,"visible":true,"isConnectedToVariable":true,"customizeName":false,"validationErrors":[],"name":"The assessment was a fair representation of the program content","title":"The assessment was a fair representation of the program content.","format":"","helpText":"","tooltip":"","helpLink":"","helpLinkLabel":"","requiredValidationMessage":"","defaultValue":"","connectedVariableId":"_x0031_3","controlFillColor":"","borderColor":"","inputColor":"","backgroundColor":"","viewType":"1","layoutType":"0","searchable":true,"showDescription":false,"showHelpText":false,"allowFillInOption":false,"fillInTextMaxLength":255,"fillInPlaceholder":"Other","showPleaseSelect":false,"items":"Yes|Yes,No|No,N/A|N/A"},"sourceVariable":{"id":"","displayName":"The assessment was a fair representation of the program content","autoGenerateName":true}},{"id":"_Cb9ScyVSPQP","dataType":"string","widget":"choice","properties":{"required":false,"readOnly":false,"visible":true,"isConnectedToVariable":true,"customizeName":false,"validationErrors":[],"name":"The roleplays or simulations were a fair representation of the program content","title":"The role-plays or simulations were a fair representation of the program content.","format":"","helpText":"","tooltip":"","helpLink":"","helpLinkLabel":"","requiredValidationMessage":"","defaultValue":"","connectedVariableId":"_x0031_4","controlFillColor":"","borderColor":"","inputColor":"","backgroundColor":"","viewType":"1","layoutType":"0","searchable":true,"showDescription":false,"showHelpText":false,"allowFillInOption":false,"fillInTextMaxLength":255,"fillInPlaceholder":"Other","showPleaseSelect":false,"items":"Yes|Yes,No|No,N/A|N/A"},"sourceVariable":{"id":"","displayName":"The roleplays or simulations were a fair representation of the program content","autoGenerateName":true}}],"sizes":[6,6],"autoResizing":true,"restrictions":{},"pageName":"page_default","containerName":"_294b2d118feb61f6f6fdc95b5546f6e3"}],"showHeader":true,"showBorder":true,"translateHeader":false,"isNestedControl":true,"formattingOptions":[],"headerText":"<p><strong>Program Evaluation</strong></p>"},"sourceVariable":{"id":"","displayName":"Group 4","autoGenerateName":true}}],"sizes":[12],"autoResizing":true,"restrictions":{},"pageName":"page_default"},{"controls":[{"id":"_19955854d0de67b25ddefbd86383a025","widget":"group-control","properties":{"required":false,"readOnly":false,"visible":true,"isConnectedToVariable":false,"customizeName":false,"validationErrors":[],"name":"Group 5","title":"Group 5","format":"","helpText":"","tooltip":"","helpLink":"","helpLinkLabel":"","requiredValidationMessage":"","defaultValue":"","connectedVariableId":"","controlFillColor":"","borderColor":"","inputColor":"","backgroundColor":"","rows":[{"controls":[{"id":"_JQvA6RHl4Wj","dataType":"string","widget":"choice","properties":{"required":false,"readOnly":false,"visible":true,"isConnectedToVariable":true,"customizeName":false,"validationErrors":[],"name":"The training area had adequate lighting","title":"The training area had adequate lighting.","format":"","helpText":"","tooltip":"","helpLink":"","helpLinkLabel":"","requiredValidationMessage":"","defaultValue":"","connectedVariableId":"_x0031_5","controlFillColor":"","borderColor":"","inputColor":"","backgroundColor":"","viewType":"1","layoutType":"0","searchable":true,"showDescription":false,"showHelpText":false,"allowFillInOption":false,"fillInTextMaxLength":255,"fillInPlaceholder":"Other","showPleaseSelect":false,"items":"Yes|Yes,No|No,N/A|N/A"},"sourceVariable":{"id":"","displayName":"The training area had adequate lighting","autoGenerateName":true}},{"id":"_QmsA1cd2F9F","dataType":"string","widget":"choice","properties":{"required":false,"readOnly":false,"visible":true,"isConnectedToVariable":true,"customizeName":false,"validationErrors":[],"name":"The temperature was comfortable and conducive to have a learning session","title":"The temperature was comfortable and conducive to have a learning session.","format":"","helpText":"","tooltip":"","helpLink":"","helpLinkLabel":"","requiredValidationMessage":"","defaultValue":"","connectedVariableId":"_x0031_6","controlFillColor":"","borderColor":"","inputColor":"","backgroundColor":"","viewType":"1","layoutType":"0","searchable":true,"showDescription":false,"showHelpText":false,"allowFillInOption":false,"fillInTextMaxLength":255,"fillInPlaceholder":"Other","showPleaseSelect":false,"items":"Yes|Yes,No|No,N/A|N/A"},"sourceVariable":{"id":"","displayName":"The temperature was comfortable and conducive to have a learning session","autoGenerateName":true}}],"sizes":[6,6],"autoResizing":true,"restrictions":{},"pageName":"page_default","containerName":"_19955854d0de67b25ddefbd86383a025"},{"controls":[{"id":"_EpHOSzMXTpo","dataType":"string","widget":"choice","properties":{"required":false,"readOnly":false,"visible":true,"isConnectedToVariable":true,"customizeName":false,"validationErrors":[],"name":"The participants had access to a computer andor tools to simulate and have kinesthetic practice","title":"The participants had access to a computer and/or tools to simulate and have kinesthetic practice.","format":"","helpText":"","tooltip":"","helpLink":"","helpLinkLabel":"","requiredValidationMessage":"","defaultValue":"","connectedVariableId":"_x0031_7","controlFillColor":"","borderColor":"","inputColor":"","backgroundColor":"","viewType":"1","layoutType":"0","searchable":true,"showDescription":false,"showHelpText":false,"allowFillInOption":false,"fillInTextMaxLength":255,"fillInPlaceholder":"Other","showPleaseSelect":false,"items":"Yes|Yes,No|No,N/A|N/A"},"sourceVariable":{"id":"","displayName":"The participants had access to a computer andor tools to simulate and have kinesthetic practice","autoGenerateName":true}}],"sizes":[12],"autoResizing":true,"restrictions":{},"pageName":"page_default","containerName":"_19955854d0de67b25ddefbd86383a025"}],"showHeader":true,"showBorder":true,"translateHeader":false,"isNestedControl":true,"formattingOptions":["0","1","2"],"headerText":"<p><strong>Facility</strong></p>"},"sourceVariable":{"id":"","displayName":"Group 5","autoGenerateName":true}}],"sizes":[12],"autoResizing":true,"restrictions":{},"pageName":"page_default"},{"controls":[{"id":"_25455821a9c2b6449816da0abcc89cc6","widget":"group-control","properties":{"required":false,"readOnly":false,"visible":true,"isConnectedToVariable":false,"customizeName":false,"validationErrors":[],"name":"Group 6","title":"Group 6","format":"","helpText":"","tooltip":"","helpLink":"","helpLinkLabel":"","requiredValidationMessage":"","defaultValue":"","connectedVariableId":"","controlFillColor":"","borderColor":"","inputColor":"","backgroundColor":"","rows":[{"controls":[{"id":"_b8e1ef123288d77e352cb1533db82710","dataType":"string","widget":"multilinetext","widgetMinimumSize":6,"properties":{"required":false,"readOnly":false,"visible":true,"isConnectedToVariable":true,"customizeName":false,"validationErrors":[],"name":"What did you like the most about the learning sessions","title":"What did you like the most about the learning session(s)?","format":"multiline-plain","helpText":"","tooltip":"","helpLink":"","helpLinkLabel":"","requiredValidationMessage":"","defaultValue":"","connectedVariableId":"_x0031_8","controlFillColor":"","borderColor":"","inputColor":"","backgroundColor":"","type":"Plain","placeholder":"","textAreaRows":"5","autoResize":true},"sourceVariable":{"id":"","displayName":"What did you like the most about the learning sessions","autoGenerateName":true}}],"sizes":[12],"autoResizing":true,"restrictions":{},"pageName":"page_default","containerName":"_25455821a9c2b6449816da0abcc89cc6"},{"controls":[{"id":"_7ff35da054940dc84b2457fd45153e1b","dataType":"string","widget":"multilinetext","widgetMinimumSize":6,"properties":{"required":false,"readOnly":false,"visible":true,"isConnectedToVariable":true,"customizeName":false,"validationErrors":[],"name":"What do you think needs to be changed or improved","title":"What do you think needs to be changed or improved?","format":"multiline-plain","helpText":"","tooltip":"","helpLink":"","helpLinkLabel":"","requiredValidationMessage":"","defaultValue":"","connectedVariableId":"_x0031_9","controlFillColor":"","borderColor":"","inputColor":"","backgroundColor":"","type":"Plain","placeholder":"","textAreaRows":"5","autoResize":true},"sourceVariable":{"id":"","displayName":"What do you think needs to be changed or improved","autoGenerateName":true}}],"sizes":[12],"autoResizing":true,"restrictions":{},"pageName":"page_default","containerName":"_25455821a9c2b6449816da0abcc89cc6"},{"controls":[{"id":"_c95f7e56d157fd0a274726a80ad5ceca","dataType":"string","widget":"multilinetext","widgetMinimumSize":6,"properties":{"required":false,"readOnly":false,"visible":true,"isConnectedToVariable":true,"customizeName":false,"validationErrors":[],"name":"Please share your final thoughts on the learning sessions andor facilitator","title":"Please share your final thoughts on the learning session(s) and/or facilitator","format":"multiline-plain","helpText":"","tooltip":"","helpLink":"","helpLinkLabel":"","requiredValidationMessage":"","defaultValue":"","connectedVariableId":"_x0032_0","controlFillColor":"","borderColor":"","inputColor":"","backgroundColor":"","type":"Plain","placeholder":"","textAreaRows":"5","autoResize":true},"sourceVariable":{"id":"","displayName":"Please share your final thoughts on the learning sessions andor facilitator","autoGenerateName":true}}],"sizes":[12],"autoResizing":true,"restrictions":{},"pageName":"page_default","containerName":"_25455821a9c2b6449816da0abcc89cc6"}],"showHeader":true,"showBorder":true,"translateHeader":false,"isNestedControl":true,"formattingOptions":["0","1","2"],"headerText":"<p><strong>Final Thoughts</strong></p>"},"sourceVariable":{"id":"","displayName":"Group 6","autoGenerateName":true}}],"sizes":[12],"autoResizing":true,"restrictions":{},"pageName":"page_default"},{"controls":[{"id":"actionpanel1","widget":"actionpanel","properties":{"required":false,"readOnly":false,"visible":true,"isConnectedToVariable":false,"customizeName":false,"validationErrors":[],"name":"Action panel","title":"","format":"","helpText":"","tooltip":"","helpLink":"","helpLinkLabel":"","requiredValidationMessage":"","defaultValue":"","connectedVariableId":"","controlFillColor":"","borderColor":"","inputColor":"","backgroundColor":"","captchaEnabled":false,"submitButtonText":"Submit","afterSubmitType":"0","redirectURL":"https://","nextButtonText":"Next","previousButtonText":"Previous"},"sourceVariable":{"id":"","displayName":"Action panel","autoGenerateName":true}}],"sizes":[12],"autoResizing":true,"restrictions":{}}]}