{
  "swagger": "2.0",
  "info": {
    "title": "Dad Jokes",
    "description": "This is a bunch of Dad Jokes",
    "version": "1.0.0"
  },
  "host": "icanhazdadjoke.com",
  "schemes": [
    "https"
  ],
  "x-ntx-render-version": 2,
  "paths": {
    "/": {
      "get": {
        "tags": [
          "Jokes"
        ],
        "x-ntx-summary": "Dad Jokes",
        "summary": "Dad Jokes",
        "description": "Fetch a random Dad Joke",
        "operationId": "getJoke",
        "produces": [
          "application/json"
        ],
        "responses": {
          "200": {
            "description": "Ok",
            "schema": {
              "type": "object",
              "properties": {
                "id": {
                  "type": "string",
                  "description": "ID of Joke"
                },
                "joke": {
                  "type": "string",
                  "description": "The Joke"
                },
                "status": {
                  "type": "integer",
                  "description": "Response status"
                }
              }
            }
          }
        }
      }
    }
  }
}