{"id":"_root_form","name":"","ruleGroups":[{"name":"RULES_RULETYPE_AUTOMATIC_NAME","description":"RULES_RULETYPE_AUTOMATIC_DESCRIPTION","isEnabled":true,"rules":[{"name":"Generated rule for Variable values","isEnabled":true,"thens":[{"identifier":"_e3ce729562f548a34f237ae19239a2ff","property":"text","value":"<p>Open Zone 1 Spots:&nbsp;{{__udv.{\"id\":\"fv_int_zone_1_availability_A9UFeb9Ai\",\"displayName\":\"intZone1Availability\",\"dataType\":{\"type\":\"number\",\"format\":\"integer\"},\"uniqueName\":\"__udv_fv_int_zone_1_availability_A9UFeb9Ai\",\"contextPrefix\":\"__udv\"}}}</p>"}]},{"name":"Generated rule for Variable values","isEnabled":true,"thens":[{"identifier":"_0f979a5fe1542094719cec004365e0e6","property":"text","value":"<p>Open Zone 2&nbsp;Spots:&nbsp;{{__udv.{\"id\":\"fv_int_zone_2_availability_cHY8NapEp\",\"displayName\":\"intZone2Availability\",\"dataType\":{\"type\":\"number\",\"format\":\"integer\"},\"uniqueName\":\"__udv_fv_int_zone_2_availability_cHY8NapEp\",\"contextPrefix\":\"__udv\"}}}</p>"}]},{"name":"Generated rule for Variable values","isEnabled":true,"thens":[{"identifier":"_f0dff2391248ba56307df38348d045c7","property":"text","value":"<p>Open Zone 3&nbsp;Spots:&nbsp;{{__udv.{\"id\":\"fv_int_zone_3_availability_7AUi7JMnZ\",\"displayName\":\"intZone3Availability\",\"dataType\":{\"type\":\"number\",\"format\":\"integer\"},\"uniqueName\":\"__udv_fv_int_zone_3_availability_7AUi7JMnZ\",\"contextPrefix\":\"__udv\"}}}</p>"}]},{"name":"Generated rule for OnLoad with Variable values","isEnabled":true,"where":{"ruleOperator":2,"conditions":[{"code":"form-on-load","identifier":"__Form"}]},"thens":[{"identifier":"_9c50778eab62ba4270a53240529ea41e","property":"value","value":{"$ref":"variable","dataType":{"type":"string"},"variableId":"ntx_form_current_user_display_name","displayName":"Current user display name"}}]}],"type":3},{"name":"RULES_RULETYPE_STANDARD_NAME","description":"RULES_RULETYPE_STANDARD_DESCRIPTION","isEnabled":true,"rules":[{"name":"Update Start Date","isEnabled":true,"thens":[{"identifier":"_e10a4102786a99bc3abf4970b655826a","property":"value","value":{"$ref":"variable","dataType":{"type":"string","format":"date-time"},"variableId":"fv_week_start_date_UydN6SZS2","displayName":"WeekStartDate"}}],"elseThens":[],"where":{"ruleOperator":2,"conditions":[{"ruleOperator":1,"conditions":[{"code":"value-is-not-empty","identifier":"_7634bbfe6ed3cd57c099da9d3b3d008f"}]}]},"id":0},{"name":"Update End Date","isEnabled":true,"thens":[{"identifier":"_aade5aff7650c5937071793799a27af7","property":"value","value":{"$ref":"variable","dataType":{"type":"string","format":"date-time"},"variableId":"fv_week_end_date_oYc8dkbjQ","displayName":"WeekEndDate"}}],"elseThens":[],"where":{"ruleOperator":2,"conditions":[{"ruleOperator":1,"conditions":[{"code":"value-is-not-empty","identifier":"_7634bbfe6ed3cd57c099da9d3b3d008f"}]}]},"id":1},{"name":"Set Request Title","isEnabled":true,"thens":[{"identifier":"_EzLcv2STYq","property":"value","value":{"$ref":"formula","dataType":{"type":"string","format":""},"raw":"[Context].[Current user display name] + \" work from office request week of \" + formatDate([Form].[Week Start Date],\"DD/MM\")","compiled":"__ntxfcv_ntx_form_current_user_display_name + \" work from office request week of \" + formatDate(__ff__e10a4102786a99bc3abf4970b655826a,\"DD/MM\") /*{compiledVariableMap:{\"0:0:0:37:[Context].[Current user display name]\":{\"name\":\"__ntxfcv_ntx_form_current_user_display_name\",\"from\":{\"line\":0,\"ch\":0},\"to\":{\"line\":0,\"ch\":37}},\"0:90:0:114:[Form].[Week Start Date]\":{\"name\":\"__ff__e10a4102786a99bc3abf4970b655826a\",\"from\":{\"line\":0,\"ch\":90},\"to\":{\"line\":0,\"ch\":114}}}}*/","usedVariableIds":"__ntxfcv_ntx_form_current_user_display_name,__ff__e10a4102786a99bc3abf4970b655826a","id":"","displayName":"","formModes":[0,1,2]}}],"elseThens":[],"where":{"ruleOperator":2,"conditions":[{"ruleOperator":1,"conditions":[{"code":"value-is-not-empty","identifier":"_7634bbfe6ed3cd57c099da9d3b3d008f"}]}]},"id":2}],"type":0},{"name":"RULES_RULETYPE_ONVALIDATION_NAME","description":"RULES_RULETYPE_ONVALIDATION_DESCRIPTION","isEnabled":true,"rules":[{"name":"Zone 1 Availability Validation","isEnabled":true,"thens":[{"identifier":"_6528a01dc3bb435ef95f4dd1a2152be8","property":"validationErrors","value":"You must select a work zone that has availability."}],"elseThens":[],"where":{"ruleOperator":2,"conditions":[{"ruleOperator":1,"conditions":[{"code":"text-is-equals","value":"Zone 1","identifier":"_6528a01dc3bb435ef95f4dd1a2152be8"},{"code":"number-is-equals","value":"0","identifier":{"$ref":"variable","dataType":{"type":"number","format":"integer"},"variableId":"fv_int_zone_1_availability_A9UFeb9Ai","displayName":"intZone1Availability"}}]}]},"id":3},{"name":"Zone 2 Availability Validation","isEnabled":true,"thens":[{"identifier":"_6528a01dc3bb435ef95f4dd1a2152be8","property":"validationErrors","value":"You must select a work zone that has availability."}],"elseThens":[],"where":{"ruleOperator":2,"conditions":[{"ruleOperator":1,"conditions":[{"code":"text-is-equals","value":"Zone 2","identifier":"_6528a01dc3bb435ef95f4dd1a2152be8"},{"code":"number-is-equals","value":"0","identifier":{"$ref":"variable","dataType":{"type":"number","format":"integer"},"variableId":"fv_int_zone_2_availability_cHY8NapEp","displayName":"intZone2Availability"}}]}]},"id":4},{"name":"Zone 3 Availability Validation","isEnabled":true,"thens":[{"identifier":"_6528a01dc3bb435ef95f4dd1a2152be8","property":"validationErrors","value":"You must select a work zone that has availability."}],"elseThens":[],"where":{"ruleOperator":2,"conditions":[{"ruleOperator":1,"conditions":[{"code":"text-is-equals","value":"Zone 3","identifier":"_6528a01dc3bb435ef95f4dd1a2152be8"},{"code":"number-is-equals","value":"0","identifier":{"$ref":"variable","dataType":{"type":"number","format":"integer"},"variableId":"fv_int_zone_3_availability_7AUi7JMnZ","displayName":"intZone3Availability"}}]}]},"id":5}],"type":2}],"pageSettings":{"pageTitleSize":"Heading 4","pageFlow":"1","pageStyle":"1","showTitle":true,"headerText":"","pages":[{"name":"page_default","title":"Page 1"}]},"version":14,"formType":"","variableContext":{"variables":[{"id":"fv_week_start_date_UydN6SZS2","connectedVariableId":"__spfv_week_start_date","displayName":"WeekStartDate","dataType":{"type":"string","format":"date-time"},"formula":{"raw":"convertToDate(lookup(\"Request Availability\",\"Title\",parseLookup([Form].[Requested Week]),\"Start Date\"))","compiled":"convertToDate(lookup(\"Request Availability\",\"Title\",parseLookup(__ff__7634bbfe6ed3cd57c099da9d3b3d008f),\"Start Date\")) /*{compiledVariableMap:{\"0:64:0:87:[Form].[Requested Week]\":{\"name\":\"__ff__7634bbfe6ed3cd57c099da9d3b3d008f\",\"from\":{\"line\":0,\"ch\":64},\"to\":{\"line\":0,\"ch\":87}}}}*/","usedVariableIds":"__ff__7634bbfe6ed3cd57c099da9d3b3d008f"},"formModes":[0,1,2]},{"id":"fv_week_end_date_oYc8dkbjQ","connectedVariableId":"__spfv_week_end_date","displayName":"WeekEndDate","dataType":{"type":"string","format":"date-time"},"formula":{"raw":"convertToDate(lookup(\"Request Availability\",\"Title\",parseLookup([Form].[Requested Week]),\"End Date\"))","compiled":"convertToDate(lookup(\"Request Availability\",\"Title\",parseLookup(__ff__7634bbfe6ed3cd57c099da9d3b3d008f),\"End Date\")) /*{compiledVariableMap:{\"0:64:0:87:[Form].[Requested Week]\":{\"name\":\"__ff__7634bbfe6ed3cd57c099da9d3b3d008f\",\"from\":{\"line\":0,\"ch\":64},\"to\":{\"line\":0,\"ch\":87}}}}*/","usedVariableIds":"__ff__7634bbfe6ed3cd57c099da9d3b3d008f"},"formModes":[0,1,2]},{"id":"fv_int_zone_1_availability_A9UFeb9Ai","connectedVariableId":"__spfv_int_zone_1_availability","displayName":"intZone1Availability","dataType":{"type":"number","format":"integer"},"formula":{"raw":"convertToNumber(lookup(\"Request Availability\",\"Title\",parseLookup([Form].[Requested Week]),\"Zone 1\"))","compiled":"convertToNumber(lookup(\"Request Availability\",\"Title\",parseLookup(__ff__7634bbfe6ed3cd57c099da9d3b3d008f),\"Zone 1\")) /*{compiledVariableMap:{\"0:66:0:89:[Form].[Requested Week]\":{\"name\":\"__ff__7634bbfe6ed3cd57c099da9d3b3d008f\",\"from\":{\"line\":0,\"ch\":66},\"to\":{\"line\":0,\"ch\":89}}}}*/","usedVariableIds":"__ff__7634bbfe6ed3cd57c099da9d3b3d008f"},"formModes":[0,1,2]},{"id":"fv_int_zone_2_availability_cHY8NapEp","connectedVariableId":"__spfv_int_zone_2_availability","displayName":"intZone2Availability","dataType":{"type":"number","format":"integer"},"formula":{"raw":"convertToNumber(lookup(\"Request Availability\",\"Title\",parseLookup([Form].[Requested Week]),\"Zone 2\"))","compiled":"convertToNumber(lookup(\"Request Availability\",\"Title\",parseLookup(__ff__7634bbfe6ed3cd57c099da9d3b3d008f),\"Zone 2\")) /*{compiledVariableMap:{\"0:66:0:89:[Form].[Requested Week]\":{\"name\":\"__ff__7634bbfe6ed3cd57c099da9d3b3d008f\",\"from\":{\"line\":0,\"ch\":66},\"to\":{\"line\":0,\"ch\":89}}}}*/","usedVariableIds":"__ff__7634bbfe6ed3cd57c099da9d3b3d008f"},"formModes":[0,1,2]},{"id":"fv_int_zone_3_availability_7AUi7JMnZ","connectedVariableId":"__spfv_int_zone_3_availability","displayName":"intZone3Availability","dataType":{"type":"number","format":"integer"},"formula":{"raw":"convertToNumber(lookup(\"Request Availability\",\"Title\",parseLookup([Form].[Requested Week]),\"Zone 3\"))","compiled":"convertToNumber(lookup(\"Request Availability\",\"Title\",parseLookup(__ff__7634bbfe6ed3cd57c099da9d3b3d008f),\"Zone 3\")) /*{compiledVariableMap:{\"0:66:0:89:[Form].[Requested Week]\":{\"name\":\"__ff__7634bbfe6ed3cd57c099da9d3b3d008f\",\"from\":{\"line\":0,\"ch\":66},\"to\":{\"line\":0,\"ch\":89}}}}*/","usedVariableIds":"__ff__7634bbfe6ed3cd57c099da9d3b3d008f"},"formModes":[0,1,2]},{"id":"fv_eligible_for_request_uQ8epRmUN","connectedVariableId":"__spfv_eligible_for_request","displayName":"Eligible for Request","dataType":{"type":"string"},"formula":{"raw":"lookup(\"Return to Work\",\"Title\",\"Ford Burton Office Work Request\",\"Created By\")","compiled":"lookup(\"Return to Work\",\"Title\",\"Ford Burton Office Work Request\",\"Created By\") /*{compiledVariableMap:{}}*/","usedVariableIds":""},"formModes":[0,1,2]}]},"settings":{"GeneralShowPrint":true,"PublishToMobile":true,"EntitlementType":"1","TimeZone":"Pacific Standard Time","Region":"en-US","TimeFormat":"12H","GeneralDefaultFileUpLoadControl":"_6018636d730427f33a0b49f0d015c4b0","GeneralTitle":"Return to Work Request"},"rows":[{"controls":[{"id":"_19006173ff03939eecf15b24b00fd337","dataType":"string","widget":"richtext-label","properties":{"required":false,"readOnly":false,"visible":true,"isConnectedToVariable":false,"customizeName":false,"validationErrors":[],"name":"Title Label","title":"Label 5","format":"","helpText":"","tooltip":"","helpLink":"","helpLinkLabel":"","requiredValidationMessage":"","defaultValue":"","connectedVariableId":"","controlFillColor":"","borderColor":"","inputColor":"","backgroundColor":"","text":"<h2 class=\"nx-theme-heading-1\">Employee Return to Work in Office Request</h2><h2 class=\"nx-theme-heading-1\">&nbsp;</h2>","verticalAlignment":"0"},"sourceVariable":{"id":"","displayName":"Title Label","autoGenerateName":true}}],"sizes":[12],"autoResizing":true,"restrictions":{},"pageName":"page_default"},{"controls":[{"id":"_3962d073ef00336cf46f180fd3a7f3a6","dataType":"string","widget":"richtext-label","properties":{"required":false,"readOnly":false,"visible":true,"isConnectedToVariable":false,"customizeName":false,"validationErrors":[],"name":"Notice","title":"Label 6","format":"","helpText":"","tooltip":"","helpLink":"","helpLinkLabel":"","requiredValidationMessage":"","defaultValue":"","connectedVariableId":"","controlFillColor":"","borderColor":"","inputColor":"","backgroundColor":"","text":"<p>This request to return to the office form is part of the <a href=\"https://go.promapp.com/promapp/Process/7511421e-f930-437f-a3d9-b0309223b723?force=True\" target=\"_blank\">Return to Office process</a>, which can be reviewed within our Promapp instance.</p>","verticalAlignment":"0"},"sourceVariable":{"id":"","displayName":"Notice","autoGenerateName":true}}],"sizes":[12],"autoResizing":true,"restrictions":{},"pageName":"page_default"},{"controls":[{"id":"_7634bbfe6ed3cd57c099da9d3b3d008f","dataType":"string","widget":"list-lookup","properties":{"required":false,"readOnly":false,"visible":true,"isConnectedToVariable":true,"customizeName":false,"validationErrors":[],"name":"Requested Week","title":"Requested Week","format":"","helpText":"","tooltip":"","helpLink":"","helpLinkLabel":"","requiredValidationMessage":"","defaultValue":"","connectedVariableId":"","controlFillColor":"","borderColor":"","inputColor":"","backgroundColor":"","isBound":false,"allowMultiple":false,"displayFormat":"0","layoutType":"0","sourceSite":"https://nintexo365support01.sharepoint.com/sites/JBCore","sourceList":"b11ce57e-fc96-4ff5-a9ab-69ea0cdda07c;#Request Availability","sourceView":"Available Dates","sourceListColumn":"Title","filterByColumn":"","filterByValue":"","displayUniqueValue":false,"renderAsUrl":false,"showAllItems":true,"valueToStore":"2"},"sourceVariable":{"id":"","displayName":"Requested Week","autoGenerateName":true}}],"sizes":[12],"autoResizing":true,"restrictions":{},"pageName":"page_default"},{"controls":[{"id":"_9c50778eab62ba4270a53240529ea41e","dataType":"string","widget":"people-picker","widgetMinimumSize":3,"properties":{"required":false,"readOnly":true,"visible":true,"isConnectedToVariable":true,"customizeName":false,"validationErrors":[],"name":"Employee Name","title":"Employee Name","format":"","helpText":"","tooltip":"","helpLink":"","helpLinkLabel":"","requiredValidationMessage":"","defaultValue":{"$ref":"variable","dataType":{"type":"string"},"variableId":"ntx_form_current_user_display_name","displayName":"Current user display name"},"connectedVariableId":"Employee","controlFillColor":"","borderColor":"","inputColor":"","backgroundColor":"","entitiesToInclude":["1"],"isBound":true,"maxValue":25,"resolved":true,"allowMultiple":false,"isConfigPanel":false,"sharePointGroup":"0"},"sourceVariable":{"id":"","displayName":"Employee Name","autoGenerateName":true}}],"sizes":[12],"autoResizing":true,"restrictions":{},"pageName":"page_default"},{"controls":[{"id":"_EzLcv2STYq","dataType":"string","widget":"textbox","properties":{"required":true,"readOnly":true,"visible":true,"isConnectedToVariable":true,"customizeName":true,"validationErrors":[],"name":"Title","title":"Request Title","format":"","helpText":"","tooltip":"","helpLink":"","helpLinkLabel":"","requiredValidationMessage":"","defaultValue":"","connectedVariableId":"Title","controlFillColor":"","borderColor":"","inputColor":"","backgroundColor":"","maxLength":255,"placeholder":"","mask":"","validationType":"length"},"sourceVariable":{"id":"","displayName":"Title","autoGenerateName":false}}],"sizes":[12],"autoResizing":true,"restrictions":{},"pageName":"page_default"},{"controls":[{"id":"_e10a4102786a99bc3abf4970b655826a","dataType":"string","widget":"datetime","widgetMinimumSize":3,"properties":{"required":false,"readOnly":true,"visible":true,"isConnectedToVariable":true,"customizeName":false,"validationErrors":[],"name":"Week Start Date","title":"Week Start Date","format":"date-time","helpText":"","tooltip":"","helpLink":"","helpLinkLabel":"","requiredValidationMessage":"","defaultValue":"","connectedVariableId":"StartDate","controlFillColor":"","borderColor":"","inputColor":"","backgroundColor":"","showDateOnly":true,"restrictPastDates":false},"sourceVariable":{"id":"","displayName":"Week Start Date","autoGenerateName":true}},{"id":"_aade5aff7650c5937071793799a27af7","dataType":"string","widget":"datetime","widgetMinimumSize":3,"properties":{"required":false,"readOnly":true,"visible":true,"isConnectedToVariable":true,"customizeName":false,"validationErrors":[],"name":"Week End Date","title":"Week End Date","format":"date-time","helpText":"","tooltip":"","helpLink":"","helpLinkLabel":"","requiredValidationMessage":"","defaultValue":"","connectedVariableId":"EndDate","controlFillColor":"","borderColor":"","inputColor":"","backgroundColor":"","showDateOnly":true,"restrictPastDates":false},"sourceVariable":{"id":"","displayName":"Week End Date","autoGenerateName":true}},{"id":"_e3ce729562f548a34f237ae19239a2ff","dataType":"string","widget":"richtext-label","properties":{"required":false,"readOnly":false,"visible":true,"isConnectedToVariable":false,"customizeName":false,"validationErrors":[],"name":"Available Zone 1","title":"Label 1","format":"","helpText":"","tooltip":"","helpLink":"","helpLinkLabel":"","requiredValidationMessage":"","defaultValue":"","connectedVariableId":"","controlFillColor":"","borderColor":"","inputColor":"","backgroundColor":"","text":"<p>Open Zone 1 Spots:&nbsp;{{__udv.{\"id\":\"fv_int_zone_1_availability_A9UFeb9Ai\",\"displayName\":\"intZone1Availability\",\"dataType\":{\"type\":\"number\",\"format\":\"integer\"},\"uniqueName\":\"__udv_fv_int_zone_1_availability_A9UFeb9Ai\",\"contextPrefix\":\"__udv\"}}}</p>","verticalAlignment":"1"},"sourceVariable":{"id":"","displayName":"Available Zone 1","autoGenerateName":true}},{"id":"_0f979a5fe1542094719cec004365e0e6","dataType":"string","widget":"richtext-label","properties":{"required":false,"readOnly":false,"visible":true,"isConnectedToVariable":false,"customizeName":false,"validationErrors":[],"name":"Available Zone 2","title":"Label 3","format":"","helpText":"","tooltip":"","helpLink":"","helpLinkLabel":"","requiredValidationMessage":"","defaultValue":"","connectedVariableId":"","controlFillColor":"","borderColor":"","inputColor":"","backgroundColor":"","text":"<p>Open Zone 2&nbsp;Spots:&nbsp;{{__udv.{\"id\":\"fv_int_zone_2_availability_cHY8NapEp\",\"displayName\":\"intZone2Availability\",\"dataType\":{\"type\":\"number\",\"format\":\"integer\"},\"uniqueName\":\"__udv_fv_int_zone_2_availability_cHY8NapEp\",\"contextPrefix\":\"__udv\"}}}</p>","verticalAlignment":"1"},"sourceVariable":{"id":"","displayName":"Available Zone 2","autoGenerateName":true}},{"id":"_f0dff2391248ba56307df38348d045c7","dataType":"string","widget":"richtext-label","properties":{"required":false,"readOnly":false,"visible":true,"isConnectedToVariable":false,"customizeName":false,"validationErrors":[],"name":"Available Zone 3","title":"Label 2","format":"","helpText":"","tooltip":"","helpLink":"","helpLinkLabel":"","requiredValidationMessage":"","defaultValue":"","connectedVariableId":"","controlFillColor":"","borderColor":"","inputColor":"","backgroundColor":"","text":"<p>Open Zone 3&nbsp;Spots:&nbsp;{{__udv.{\"id\":\"fv_int_zone_3_availability_7AUi7JMnZ\",\"displayName\":\"intZone3Availability\",\"dataType\":{\"type\":\"number\",\"format\":\"integer\"},\"uniqueName\":\"__udv_fv_int_zone_3_availability_7AUi7JMnZ\",\"contextPrefix\":\"__udv\"}}}</p>","verticalAlignment":"1"},"sourceVariable":{"id":"","displayName":"Available Zone 3","autoGenerateName":true}}],"sizes":[3,3,2,2,2],"autoResizing":true,"restrictions":{},"pageName":"page_default"},{"controls":[{"id":"_6528a01dc3bb435ef95f4dd1a2152be8","dataType":"string","widget":"choice","properties":{"required":true,"readOnly":false,"visible":true,"isConnectedToVariable":true,"customizeName":true,"validationErrors":[],"name":"Desired Work Zone","title":"Desired Work Zone","format":"","helpText":"","tooltip":"","helpLink":"","helpLinkLabel":"","requiredValidationMessage":"","defaultValue":"","connectedVariableId":"WorkZone","controlFillColor":"","borderColor":"","inputColor":"","backgroundColor":"","viewType":"1","layoutType":"0","searchable":true,"showDescription":false,"showHelpText":false,"allowFillInOption":false,"fillInTextMaxLength":255,"fillInPlaceholder":"Other","showPleaseSelect":false,"items":"Zone 1|Zone 1,Zone 2|Zone 2,Zone 3|Zone 3"},"sourceVariable":{"id":"","displayName":"Desired Work Zone","autoGenerateName":false}}],"sizes":[12],"autoResizing":true,"restrictions":{},"pageName":"page_default"},{"controls":[{"id":"_fe58ef937ff7f0d2062452bb0b9aaa9a","dataType":"string","widget":"richtext-label","properties":{"required":false,"readOnly":false,"visible":true,"isConnectedToVariable":false,"customizeName":false,"validationErrors":[],"name":"Health Waiver Notification","title":"Label 4","format":"","helpText":"","tooltip":"","helpLink":"","helpLinkLabel":"","requiredValidationMessage":"","defaultValue":"","connectedVariableId":"","controlFillColor":"","borderColor":"","inputColor":"","backgroundColor":"","text":"<p>By volunteering to return to the office at this time you here by acknowledge the on-going&nbsp;health issues presented by COVID-19, and agree to adhere to the safety guidelines as prepared by our HR team.</p><p>&nbsp;</p><p>If you have not already done so, please review the safety guidelines <a href=\"https://www.google.com/\" target=\"_blank\">here</a>. Once you have reviewed the guidelines please sign below to confirm that you understand your role in helping keep yourself and other employees safe while you are in the office.</p>","verticalAlignment":"1"},"sourceVariable":{"id":"","displayName":"Health Waiver Notification","autoGenerateName":true}}],"sizes":[12],"autoResizing":true,"restrictions":{},"pageName":"page_default"},{"controls":[{"id":"_d560032644490145a3104b723299abe8","dataType":"string","widget":"signature","widgetMinimumSize":6,"properties":{"required":true,"readOnly":false,"visible":true,"isConnectedToVariable":true,"customizeName":false,"validationErrors":[],"name":"Employee Signature","title":"Employee Signature","format":"x-ntx-file-reference","helpText":"","tooltip":"","helpLink":"","helpLinkLabel":"","requiredValidationMessage":"","defaultValue":"","connectedVariableId":"","controlFillColor":"","borderColor":"","inputColor":"","backgroundColor":""},"sourceVariable":{"id":"","displayName":"Employee Signature","autoGenerateName":true}}],"sizes":[12],"autoResizing":true,"restrictions":{},"pageName":"page_default"},{"controls":[{"id":"_6018636d730427f33a0b49f0d015c4b0","dataType":"array","widget":"file-upload","widgetMinimumSize":6,"properties":{"required":false,"readOnly":false,"visible":false,"isConnectedToVariable":true,"customizeName":false,"validationErrors":[],"name":"File upload","title":"File upload","format":"x-ntx-file-reference","helpText":"","tooltip":"","helpLink":"","helpLinkLabel":"","requiredValidationMessage":"","defaultValue":"","connectedVariableId":"","controlFillColor":"","borderColor":"","inputColor":"","backgroundColor":"","acceptedFileTypesGroup":["0","1"],"customAcceptedFileExtensions":"","maxLength":10,"maxFileSize":5,"itemsType":{"format":"x-ntx-file-reference","type":"array"}},"sourceVariable":{"id":"","displayName":"File upload","autoGenerateName":true}}],"sizes":[12],"autoResizing":true,"restrictions":{},"pageName":"page_default"},{"controls":[{"id":"actionpanel1","widget":"actionpanel","properties":{"required":false,"readOnly":false,"visible":true,"isConnectedToVariable":false,"customizeName":false,"validationErrors":[],"name":"Action panel","title":"","format":"","helpText":"","tooltip":"","helpLink":"","helpLinkLabel":"","requiredValidationMessage":"","defaultValue":"","connectedVariableId":"","controlFillColor":"","borderColor":"","inputColor":"","backgroundColor":"","captchaEnabled":false,"submitButtonText":"Submit","afterSubmitType":"0","redirectURL":"https://","nextButtonText":"Next","previousButtonText":"Previous"},"sourceVariable":{"id":"","displayName":"Action panel","autoGenerateName":true}}],"sizes":[12],"autoResizing":true,"restrictions":{}}]}