{
  "swagger": "2.0",
  "info": {
    "description": "Nintex Worklfow Cloud API - App Based Auth with Object Support",
    "version": "1.0.0",
    "title": "Nintex Workflow Cloud API - V2"
  },
  "host": "us.nintex.io",
  "x-ntx-host": "{{tenant_location}}.nintex.io",
  "basePath": "/workflows/v1",
  "schemes": [
    "https"
  ],
  "x-ntx-render-version": 2,
  "securityDefinitions": {
    "Oauth2": {
      "type": "oauth2",
      "tokenUrl": "https://{{tenant_location}}.nintex.io/authentication/v1/token",
      "flow": "application",
      "scopes": {
        "execute:instance read:task write:task read:workflow read:instance manage:instance manage:workflow manage:task": "Workflow Admin Scopes"
      },
      "x-ntx-connection-properties": {
        "type": "object",
        "properties": {
          "tenant_location": {
            "type": "string",
            "title": "Tenant Location",
            "description": "Enter your tenant location. us=North America, eu=Europe, au=Australia"
          }
        }
      }
    }
  },
  "security": [
    {
      "Oauth2": [
        "execute:instance read:task write:task read:workflow read:instance manage:instance manage:workflow manage:task"
      ]
    }
  ],
  "consumes": [
    "application/json"
  ],
  "produces": [
    "application/json"
  ],
  "paths": {
    "/designs/draft": {
      "get": {
        "description": "List Draft Workflows",
        "operationId": "listDraftWorkflows",
        "x-ntx-summary": "List Draft Workflows",
        "parameters": [
          {
            "name": "limit",
            "in": "query",
            "description": "Number of returned results",
            "required": false,
            "type": "integer"
          },
          {
            "name": "sortBy",
            "type": "string",
            "in": "query",
            "description": "Sort the returned list using the property",
            "enum": [
              "lastModified",
              "created"
            ]
          },
          {
            "name": "sortOrder",
            "in": "query",
            "description": "Sort the returned list in Ascending or Descending order",
            "type": "string",
            "enum": [
              "asc",
              "desc"
            ]
          }
        ],
        "responses": {
          "200": {
            "description": "Ok",
            "schema": {
              "$ref": "#/definitions/draft.array"
            }
          },
          "400": {
            "description": "Failed"
          }
        }
      }
    },
    "/designs/published": {
      "get": {
        "description": "List Published Workflows",
        "operationId": "listPublishedWorkflows",
        "x-ntx-summary": "List Published Workflows",
        "parameters": [
          {
            "name": "limit",
            "in": "query",
            "description": "Number of returned results",
            "required": false,
            "type": "integer"
          },
          {
            "name": "sortBy",
            "type": "string",
            "in": "query",
            "description": "Sort the returned list using the property",
            "enum": [
              "lastModified",
              "created"
            ]
          },
          {
            "name": "sortOrder",
            "in": "query",
            "description": "Sort the returned list in Ascending or Descending order",
            "type": "string",
            "enum": [
              "asc",
              "desc"
            ]
          }
        ],
        "responses": {
          "200": {
            "description": "Ok",
            "schema": {
              "$ref": "#/definitions/published.array"
            }
          },
          "400": {
            "description": "Failed"
          }
        }
      }
    },
    "/designs/{workflow_id}/draft": {
      "delete": {
        "description": "Delete Draft Workflow",
        "x-ntx-summary": "Delete Draft Workflows",
        "parameters": [
          {
            "name": "workflow_id",
            "in": "path",
            "description": "Workflow for Deletion",
            "type": "string",
            "required": true
          }
        ],
        "responses": {
          "200": {
            "description": "Ok"
          },
          "400": {
            "description": "Failed"
          }
        }
      }
    },
    "/designs/{workflow_id}": {
      "delete": {
        "description": "Delete Workflow",
        "x-ntx-summary": "Delete Workflows",
        "parameters": [
          {
            "name": "workflow_id",
            "in": "path",
            "description": "Workflow for Deletion",
            "type": "string",
            "required": true
          }
        ],
        "responses": {
          "200": {
            "description": "Ok"
          },
          "400": {
            "description": "Failed"
          }
        }
      }
    },
    "/designs/{workflow_id}/deactivate": {
      "post": {
        "description": "Deactivate Workflow",
        "operationId": "deactivateWorkflow",
        "x-ntx-summary": "Deactivate a Worklfow",
        "parameters": [
          {
            "name": "workflow_id",
            "in": "path",
            "description": "Workflow ID",
            "required": true,
            "type": "string"
          }
        ],
        "responses": {
          "200": {
            "description": "Ok"
          },
          "400": {
            "description": "Failed"
          }
        }
      }
    },
    "/designs/{workflow_id}/activate": {
      "post": {
        "description": "Activate Workflow",
        "operationId": "activateWorkflow",
        "x-ntx-summary": "Activate a Workflow",
        "parameters": [
          {
            "name": "workflow_id",
            "in": "path",
            "description": "Workflow ID",
            "required": true,
            "type": "string"
          }
        ],
        "responses": {
          "200": {
            "description": "Ok"
          },
          "400": {
            "description": "Failed"
          }
        }
      }
    },
    "/designs/{workflow_id}/draft/export": {
      "post": {
        "description": "Export Draft Workflow",
        "x-ntx-summary": "Export Draft Worklfow",
        "parameters": [
          {
            "name": "workflow_id",
            "in": "path",
            "description": "Workflow ID",
            "required": true,
            "type": "string"
          }
        ],
        "responses": {
          "200": {
            "description": "Ok",
            "schema": {
              "$ref": "#/definitions/export"
            }
          },
          "400": {
            "description": "Failed"
          }
        }
      }
    },
    "/designs/{workflow_id}/published/export": {
      "post": {
        "description": "Export Published Workflow",
        "x-ntx-summary": "Export Published Worklfow",
        "parameters": [
          {
            "name": "workflow_id",
            "in": "path",
            "description": "Workflow ID",
            "required": true,
            "type": "string"
          }
        ],
        "responses": {
          "200": {
            "description": "Ok",
            "schema": {
              "$ref": "#/definitions/export"
            }
          },
          "400": {
            "description": "failed"
          }
        }
      }
    },
    "/designs/import": {
      "post": {
        "description": "Import Workflow",
        "x-ntx-summary": "Import Worklfow",
        "parameters": [
          {
            "in": "body",
            "name": "body",
            "required": true,
            "schema": {
              "type": "object",
              "properties": {
                "key": {
                  "x-ntx-summary": "Workflow Key",
                  "type": "string"
                },
                "name": {
                  "x-ntx-summary": "Workflow Name",
                  "type": "string"
                }
              }
            }
          }
        ],
        "responses": {
          "200": {
            "description": "Ok"
          },
          "400": {
            "description": "Failed"
          }
        }
      }
    },
    "/tasks": {
      "get": {
        "description": "List Tasks",
        "x-ntx-summary": "List Tasks",
        "parameters": [
          {
            "in": "query",
            "name": "from",
            "x-ntx-summary": "Start Date",
            "type": "string",
            "format": "date"
          },
          {
            "in": "query",
            "name": "to",
            "x-ntx-summary": "End Date",
            "type": "string",
            "format": "date"
          },
          {
            "in": "query",
            "name": "workflowInstanceId",
            "type": "string",
            "x-ntx-summary": "Workflow Instance Id"
          },
          {
            "in": "query",
            "name": "status",
            "x-ntx-summary": "Task Status",
            "description": "Return a list of tasks with this status",
            "type": "string",
            "enum": [
              "active",
              "expired",
              "complete",
              "overridden",
              "terminated",
              "all"
            ]
          }
        ],
        "responses": {
          "200": {
            "description": "Ok",
            "schema": {
              "$ref": "#/definitions/tasks"
            }
          }
        }
      }
    },
    "/tasks/{task-id}": {
      "get": {
        "description": "Get a Task",
        "x-ntx-summary": "Get a Task",
        "parameters": [
          {
            "in": "path",
            "name": "task-id",
            "x-ntx-summary": "Task ID",
            "type": "string",
            "required": true
          }
        ],
        "responses": {
          "200": {
            "description": "Ok",
            "schema": {
              "$ref": "#/definitions/task"
            }
          }
        }
      },
      "patch": {
        "description": "Complete Task",
        "x-ntx-summary": "Complete Task",
        "parameters": [
          {
            "in": "path",
            "name": "task-id",
            "x-ntx-summary": "Task ID",
            "type": "string",
            "required": true
          },
          {
            "in": "body",
            "schema": {
              "type": "object",
              "properties": {
                "outcome": {
                  "type": "string",
                  "x-ntx-summary": "Task Outcome"
                }
              }
            },
            "name": "Outcome"
          }
        ],
        "responses": {
          "200": {
            "description": "Ok"
          }
        }
      }
    },
    "/instances": {
      "get": {
        "description": "List Workflow Instances",
        "x-ntx-summary": "List Instances",
        "parameters": [
          {
            "in": "query",
            "name": "status",
            "x-ntx-summary": "Status",
            "type": "string",
            "enum": [
              "running",
              "completed",
              "failed",
              "terminated",
              "all"
            ],
            "required": true
          },
          {
            "in": "query",
            "name": "dateColumn",
            "type": "string",
            "x-ntx-summary": "Date Column",
            "description": "startDateTime - Include instances that started during the selected date period.  endDateTime - Include instances that ended during the selected date period",
            "enum": [
              "startDateTime",
              "endDateTime"
            ],
            "required": true
          },
          {
            "in": "query",
            "name": "from",
            "type": "string",
            "format": "date",
            "x-ntx-summary": "From",
            "required": true,
            "description": "The start of the date period to retrieve instances for"
          },
          {
            "in": "query",
            "name": "to",
            "type": "string",
            "format": "date",
            "x-ntx-summary": "To",
            "required": true,
            "description": "The end of the date period to retrieve instances for"
          }
        ],
        "responses": {
          "200": {
            "description": "Ok",
            "schema": {
              "$ref": "#/definitions/instances.array"
            }
          }
        }
      }
    }
  },
  "definitions": {
    "tasks": {
      "type": "object",
      "properties": {
        "tasks": {
          "type": "array",
          "items": {
            "$ref": "#/definitions/task"
          }
        }
      }
    },
    "task": {
      "type": "object",
      "properties": {
        "id": {
          "type": "string",
          "x-ntx-summary": "Task ID"
        },
        "name": {
          "type": "string",
          "x-ntx-summary": "Task Name"
        },
        "description": {
          "type": "string",
          "x-ntx-summary": "Task Description"
        },
        "modified": {
          "type": "string",
          "format": "date",
          "x-ntx-summary": "Task Modified Date"
        },
        "created": {
          "type": "string",
          "format": "date",
          "x-ntx-summary": "Task Created Date"
        },
        "initiator": {
          "type": "string",
          "x-ntx-summary": "Task Initiator"
        },
        "workflow": {
          "type": "string",
          "x-ntx-summary": "Associated Workflow"
        },
        "status": {
          "type": "string",
          "x-ntx-summary": "Task Status"
        },
        "subject": {
          "type": "string",
          "x-ntx-summary": "Task Subject"
        },
        "defaultOutcome": {
          "type": "string",
          "x-ntx-summary": "Default Outcome"
        },
        "outcome": {
          "type": "string",
          "x-ntx-summary": "Task Outcome"
        },
        "completedBy": {
          "type": "string",
          "x-ntx-summary": "Completed By"
        },
        "completedDate": {
          "type": "string",
          "format": "date",
          "x-ntx-summary": "Completed Date"
        },
        "outcomes": {
          "type": "array",
          "items": {
            "type": "string"
          },
          "x-ntx-summary": "Configured Outcomes"
        },
        "isAuthenticated": {
          "type": "boolean",
          "x-ntx-summary": "Is Authenticated Task"
        },
        "assignTo": {
          "type": "string",
          "x-ntx-summary": "Assigned To"
        },
        "assignees": {
          "type": "array",
          "items": {
            "type": "string"
          },
          "x-ntx-summary": "Assignees"
        },
        "message": {
          "type": "string",
          "x-ntx-summary": "Message"
        },
        "dueDate": {
          "type": "string",
          "format": "date",
          "x-ntx-summary": "Due Date"
        },
        "actionInstanceId": {
          "type": "string",
          "x-ntx-summary": "Action Instance ID"
        },
        "workflowInstanceId": {
          "type": "string",
          "x-ntx-summary": "Workflow Instance ID"
        },
        "urls": {
          "type": "object",
          "properties": {
            "formUrl": {
              "type": "string",
              "x-ntx-summary": "Form URL"
            }
          }
        }
      }
    },
    "draft.array": {
      "type": "object",
      "properties": {
        "workflows": {
          "type": "array",
          "items": {
            "$ref": "#/definitions/draft.object"
          }
        }
      }
    },
    "draft.object": {
      "type": "object",
      "properties": {
        "id": {
          "type": "string"
        },
        "draft": {
          "$ref": "#/definitions/draft.workflows"
        },
        "lastModified": {
          "type": "string",
          "format": "date"
        },
        "name": {
          "type": "string"
        },
        "tags": {
          "type": "array",
          "items": {
            "type": "string"
          }
        }
      }
    },
    "draft.workflows": {
      "type": "object",
      "properties": {
        "id": {
          "type": "string"
        },
        "author": {
          "$ref": "#/definitions/author"
        },
        "description": {
          "type": "string"
        },
        "created": {
          "type": "string",
          "format": "date"
        },
        "lastModified": {
          "type": "string",
          "format": "date"
        },
        "eventType": {
          "$ref": "#/definitions/eventType"
        },
        "urls": {
          "$ref": "#/definitions/urls"
        }
      }
    },
    "published.array": {
      "type": "object",
      "properties": {
        "workflows": {
          "type": "array",
          "items": {
            "$ref": "#/definitions/published.object"
          }
        }
      }
    },
    "published.object": {
      "type": "object",
      "properties": {
        "id": {
          "type": "string"
        },
        "published": {
          "$ref": "#/definitions/published.workflows"
        },
        "lastModified": {
          "type": "string",
          "format": "date"
        },
        "name": {
          "type": "string"
        },
        "tags": {
          "type": "array",
          "items": {
            "type": "string"
          }
        }
      }
    },
    "published.workflows": {
      "type": "object",
      "properties": {
        "id": {
          "type": "string"
        },
        "author": {
          "$ref": "#/definitions/author"
        },
        "description": {
          "type": "string"
        },
        "publishedType": {
          "type": "string"
        },
        "isActive": {
          "type": "boolean"
        },
        "created": {
          "type": "string",
          "format": "date"
        },
        "lastPublished": {
          "type": "string",
          "format": "date"
        },
        "eventType": {
          "$ref": "#/definitions/eventType"
        },
        "urls": {
          "$ref": "#/definitions/urls"
        }
      }
    },
    "eventType": {
      "type": "object",
      "properties": {
        "id": {
          "type": "string"
        },
        "name": {
          "type": "string"
        }
      }
    },
    "author": {
      "type": "object",
      "properties": {
        "name": {
          "type": "string"
        },
        "id": {
          "type": "string"
        },
        "email": {
          "type": "string"
        }
      }
    },
    "urls": {
      "type": "object",
      "properties": {
        "designerUrl": {
          "type": "string"
        }
      }
    },
    "export": {
      "type": "object",
      "properties": {
        "key": {
          "type": "string"
        },
        "expiryDate": {
          "type": "string"
        }
      }
    },
    "instances.array": {
      "type": "object",
      "properties": {
        "instances": {
          "type": "array",
          "items": {
            "$ref": "#/definitions/instances.object"
          }
        }
      }
    },
    "instances.object": {
      "type": "object",
      "properties": {
        "instanceId": {
          "type": "string",
          "x-ntx-summary": "Instance ID"
        },
        "workflow": {
          "$ref": "#/definitions/instances.workflow"
        },
        "startDateTime": {
          "type": "string",
          "format": "date",
          "x-ntx-summary": "Start Date Time"
        },
        "endDateTime": {
          "type": "string",
          "format": "date",
          "x-ntx-summary": "End Date Time"
        },
        "status": {
          "type": "string",
          "x-ntx-summary": "Workflow Status"
        }
      }
    },
    "instances.workflow": {
      "type": "object",
      "properties": {
        "id": {
          "type": "string"
        },
        "name": {
          "type": "string"
        },
        "version": {
          "type": "string"
        }
      }
    }
  }
}