{
  "swagger": "2.0",
  "info": {
    "description": "xe.com OpenAPI Definition for Nintex Workflow Cloud",
    "version": "1.0.0",
    "title": "XE.com",
    "contact": {
      "email": "vadim.tabakman@nintex.com"
    }
  },
  "host": "xecdapi.xe.com",
  "basePath": "/v1",
  "schemes": [
    "https",
    "http"
  ],
  "paths": {
    "/account_info/": {
      "get": {
        "summary": "Account Info",
        "description": "Get Account Info",
        "operationId": "account_info",
        "produces": [
          "application/json"
        ],
        "responses": {
          "200": {
            "description": "successful operation",
            "schema": {
              "$ref": "#/definitions/account_info_result"
            }
          },
          "400": {
            "description": "Invalid status value"
          }
        },
        "security": [
          {
            "xecom_api_key": []
          }
        ]
      }
    },
    "/currencies": {
      "get": {
        "summary": "Available Currencies",
        "description": "Get Available Currencies",
        "operationId": "currencies",
        "produces": [
          "application/json"
        ],
        "responses": {
          "200": {
            "description": "successful operation",
            "schema": {
              "$ref": "#/definitions/currencies_result"
            }
          },
          "400": {
            "description": "Invalid status value"
          }
        },
        "security": [
          {
            "xecom_api_key": []
          }
        ]
      }
    },
    "/convert_from": {
      "get": {
        "summary": "Convert From",
        "description": "Convert Currency From",
        "operationId": "convert_from",
        "consumes": [
          "application/json"
        ],
        "produces": [
          "application/json"
        ],
        "parameters": [
          {
            "in": "query",
            "name": "from",
            "x-ntx-summary": "Convert From",
            "description": "Currency to Convert From",
            "type": "string",
            "required": true,
            "x-ntx-dynamic-values": {
              "operationId": "currencies",
              "value-collection": "currencies",
              "value-path": "iso",
              "value-title": "currency_name"
            }
          },
          {
            "in": "query",
            "name": "to",
            "x-ntx-summary": "Convert To",
            "description": "Currency to Convert To",
            "type": "string",
            "required": true,
            "x-ntx-dynamic-values": {
              "operationId": "currencies",
              "value-collection": "currencies",
              "value-path": "iso",
              "value-title": "currency_name"
            }
          },
          {
            "in": "query",
            "name": "amount",
            "x-ntx-summary": "Amount",
            "description": "Amount",
            "type": "string",
            "required": true
          }
        ],
        "responses": {
          "200": {
            "description": "successful operation",
            "schema": {
              "type": "object",
              "x-ntx-summary": "Result"
            }
          },
          "400": {
            "description": "Invalid status value"
          }
        },
        "security": [
          {
            "xecom_api_key": []
          }
        ]
      }
    },
    "/convert_to": {
      "get": {
        "summary": "Convert To",
        "description": "Convert Currency To",
        "operationId": "convert_to",
        "consumes": [
          "application/json"
        ],
        "produces": [
          "application/json"
        ],
        "parameters": [
          {
            "in": "query",
            "name": "to",
            "x-ntx-summary": "Convert To",
            "description": "Currency to Convert To",
            "type": "string",
            "required": true,
            "x-ntx-dynamic-values": {
              "operationId": "currencies",
              "value-collection": "currencies",
              "value-path": "iso",
              "value-title": "currency_name"
            }
          },
          {
            "in": "query",
            "name": "from",
            "x-ntx-summary": "Convert From",
            "description": "Currency to Convert From",
            "type": "string",
            "required": true,
            "x-ntx-dynamic-values": {
              "operationId": "currencies",
              "value-collection": "currencies",
              "value-path": "iso",
              "value-title": "currency_name"
            }
          },
          {
            "in": "query",
            "name": "amount",
            "x-ntx-summary": "Amount",
            "description": "Amount",
            "type": "string",
            "required": true
          }
        ],
        "responses": {
          "200": {
            "description": "successful operation",
            "schema": {
              "type": "object",
              "x-ntx-summary": "Result"
            }
          },
          "400": {
            "description": "Invalid status value"
          }
        },
        "security": [
          {
            "xecom_api_key": []
          }
        ]
      }
    },
    "/historic_rate": {
      "get": {
        "summary": "Historic Rate",
        "description": "Historic Rate for a Single Base Currency to other Currencies",
        "operationId": "historic_rate",
        "consumes": [
          "application/json"
        ],
        "produces": [
          "application/json"
        ],
        "parameters": [
          {
            "in": "query",
            "name": "from",
            "x-ntx-summary": "Convert From",
            "description": "Historic Rate to Convert From",
            "type": "string",
            "required": true,
            "x-ntx-dynamic-values": {
              "operationId": "currencies",
              "value-collection": "currencies",
              "value-path": "iso",
              "value-title": "currency_name"
            }
          },
          {
            "in": "query",
            "name": "to",
            "x-ntx-summary": "Convert To",
            "description": "Historic Rate to Convert To",
            "type": "string",
            "required": true,
            "x-ntx-dynamic-values": {
              "operationId": "currencies",
              "value-collection": "currencies",
              "value-path": "iso",
              "value-title": "currency_name"
            }
          },
          {
            "in": "query",
            "name": "date",
            "x-ntx-summary": "Date",
            "description": "Date",
            "type": "string",
            "format": "date",
            "required": true
          },
          {
            "in": "query",
            "name": "amount",
            "x-ntx-summary": "Amount",
            "description": "Amount",
            "type": "number",
            "required": true
          }
        ],
        "responses": {
          "200": {
            "description": "successful operation",
            "schema": {
              "type": "object",
              "x-ntx-summary": "Result"
            }
          },
          "400": {
            "description": "Invalid status value"
          }
        },
        "security": [
          {
            "xecom_api_key": []
          }
        ]
      }
    },
    "/historic_rate/period": {
      "get": {
        "summary": "Daily Historic Rate",
        "description": "Daily Historic Rate for a Single Base Currency to other Currencies",
        "operationId": "daily_historic_rate",
        "consumes": [
          "application/json"
        ],
        "produces": [
          "application/json"
        ],
        "parameters": [
          {
            "in": "query",
            "name": "from",
            "x-ntx-summary": "Convert From",
            "description": "Historic Rate to Convert From",
            "type": "string",
            "required": true,
            "x-ntx-dynamic-values": {
              "operationId": "currencies",
              "value-collection": "currencies",
              "value-path": "iso",
              "value-title": "currency_name"
            }
          },
          {
            "in": "query",
            "name": "to",
            "x-ntx-summary": "Convert To",
            "description": "Historic Rate to Convert To",
            "type": "string",
            "required": true,
            "x-ntx-dynamic-values": {
              "operationId": "currencies",
              "value-collection": "currencies",
              "value-path": "iso",
              "value-title": "currency_name"
            }
          },
          {
            "in": "query",
            "name": "start_timestamp",
            "x-ntx-summary": "Start Timestamp",
            "description": "Start Timestamp",
            "type": "string",
            "format": "date",
            "required": true
          },
          {
            "in": "query",
            "name": "end_timestamp",
            "x-ntx-summary": "End Timestamp",
            "description": "End Timestamp",
            "type": "string",
            "format": "date",
            "required": true
          },
          {
            "in": "query",
            "name": "amount",
            "x-ntx-summary": "Amount",
            "description": "Amount",
            "type": "number",
            "required": true
          }
        ],
        "responses": {
          "200": {
            "description": "successful operation",
            "schema": {
              "type": "object",
              "x-ntx-summary": "Result"
            }
          },
          "400": {
            "description": "Invalid status value"
          }
        },
        "security": [
          {
            "xecom_api_key": []
          }
        ]
      }
    },
    "/monthly_average": {
      "get": {
        "summary": "Monthly Average Rate",
        "description": "Monthly Average Rate for a Single Base Currency to other Currencies",
        "operationId": "monthly_average_rate",
        "consumes": [
          "application/json"
        ],
        "produces": [
          "application/json"
        ],
        "parameters": [
          {
            "in": "query",
            "name": "from",
            "x-ntx-summary": "Convert From",
            "description": "Monthly Average to Convert From",
            "type": "string",
            "required": true,
            "x-ntx-dynamic-values": {
              "operationId": "currencies",
              "value-collection": "currencies",
              "value-path": "iso",
              "value-title": "currency_name"
            }
          },
          {
            "in": "query",
            "name": "to",
            "x-ntx-summary": "Convert To",
            "description": "Monthly Average to Convert To",
            "type": "string",
            "required": true,
            "x-ntx-dynamic-values": {
              "operationId": "currencies",
              "value-collection": "currencies",
              "value-path": "iso",
              "value-title": "currency_name"
            }
          },
          {
            "in": "query",
            "name": "year",
            "x-ntx-summary": "Year",
            "description": "Year",
            "type": "string",
            "enum": [
              1970,
              1971,
              1972,
              1974,
              1975,
              1976,
              1977,
              1978,
              1979,
              1980,
              1981,
              1982,
              1984,
              1985,
              1986,
              1987,
              1988,
              1989,
              1990,
              1991,
              1992,
              1994,
              1995,
              1996,
              1997,
              1998,
              1999,
              2000,
              2001,
              2002,
              2003,
              2004,
              2005,
              2006,
              2007,
              2008,
              2009,
              2010,
              2011,
              2012,
              2013,
              2014,
              2015,
              2016,
              2017,
              2018,
              2019,
              2020
            ]
          },
          {
            "in": "query",
            "name": "month",
            "x-ntx-summary": "Month",
            "description": "Month",
            "type": "string",
            "enum": [
              1,
              2,
              3,
              4,
              5,
              6,
              7,
              8,
              9,
              10,
              11,
              12
            ]
          },
          {
            "in": "query",
            "name": "amount",
            "x-ntx-summary": "Amount",
            "description": "Amount",
            "type": "number",
            "required": true
          }
        ],
        "responses": {
          "200": {
            "description": "successful operation",
            "schema": {
              "type": "object",
              "x-ntx-summary": "Result"
            }
          },
          "400": {
            "description": "Invalid status value"
          }
        },
        "security": [
          {
            "xecom_api_key": []
          }
        ]
      }
    },
    "/stats": {
      "get": {
        "summary": "Stats",
        "description": "Daily returns are the gain or loss of a currency pair in a particular period",
        "operationId": "stats",
        "consumes": [
          "application/json"
        ],
        "produces": [
          "application/json"
        ],
        "parameters": [
          {
            "in": "query",
            "name": "from",
            "x-ntx-summary": "Convert From",
            "description": "Historic Rate to Convert From",
            "type": "string",
            "required": true,
            "x-ntx-dynamic-values": {
              "operationId": "currencies",
              "value-collection": "currencies",
              "value-path": "iso",
              "value-title": "currency_name"
            }
          },
          {
            "in": "query",
            "name": "to",
            "x-ntx-summary": "Convert To",
            "description": "Historic Rate to Convert To",
            "type": "string",
            "required": true,
            "x-ntx-dynamic-values": {
              "operationId": "currencies",
              "value-collection": "currencies",
              "value-path": "iso",
              "value-title": "currency_name"
            }
          },
          {
            "in": "query",
            "name": "start_date",
            "x-ntx-summary": "Start Date",
            "description": "Start Date",
            "type": "string",
            "format": "date",
            "pattern": "yyyy-mm-dd",
            "required": true
          },
          {
            "in": "query",
            "name": "end_date",
            "x-ntx-summary": "End Date",
            "description": "End Date",
            "type": "string",
            "format": "date",
            "pattern": "yyyy-mm-dd",
            "required": true
          }
        ],
        "responses": {
          "200": {
            "description": "successful operation",
            "schema": {
              "type": "object",
              "x-ntx-summary": "Result"
            }
          },
          "400": {
            "description": "Invalid status value"
          }
        },
        "security": [
          {
            "xecom_api_key": []
          }
        ]
      }
    }
  },
  "securityDefinitions": {
    "xecom_api_key": {
      "type": "basic"
    }
  },
  "definitions": {
    "Year": {
      "type": "string",
      "enum": [
        1970,
        1971
      ]
    },
    "MonthNum": {
      "type": "string",
      "enum": [
        1,
        2,
        3,
        4,
        5,
        6,
        7,
        8,
        9,
        10,
        11,
        12
      ]
    },
    "account_info_result": {
      "type": "object",
      "properties": {
        "id": {
          "type": "string",
          "x-ntx-summary": "Id"
        },
        "organization": {
          "type": "string",
          "x-ntx-summary": "Organization"
        },
        "package": {
          "type": "string",
          "x-ntx-summary": "Package"
        },
        "service_start_timestamp": {
          "type": "string",
          "format": "date-time",
          "x-ntx-summary": "Service Start Timestamp"
        },
        "package_limit_duration": {
          "type": "string",
          "x-ntx-summary": "Limit Duration"
        },
        "package_limit": {
          "type": "integer",
          "format": "int32",
          "x-ntx-summary": "Limit"
        },
        "package_limit_remaining": {
          "type": "integer",
          "format": "int32",
          "x-ntx-summary": "Limit Remaining"
        },
        "package_limit_reset": {
          "type": "string",
          "format": "date-time",
          "x-ntx-summary": "Limit Reset"
        }
      }
    },
    "currencies_result": {
      "type": "object",
      "properties": {
        "currencies": {
          "type": "array",
          "items": {
            "type": "object",
            "properties": {
              "iso": {
                "type": "string"
              },
              "currency_name": {
                "type": "string"
              },
              "is_obsolete": {
                "type": "boolean"
              }
            }
          }
        }
      }
    }
  },
  "externalDocs": {
    "description": "Find out more about Swagger",
    "url": "http://swagger.io"
  }
}