{
  "swagger": "2.0",
  "info": {
    "description": "Export or Convert Google Docs and Sheets",
    "version": "0.0.1",
    "title": "Google Workspace Export"
  },
  "x-ntx-render-version": 2,
  "host": "sheets.googleapis.com",
  "basePath": "/v4",
  "schemes": [
    "https"
  ],
  "produces": [
    "application/json"
  ],
  "paths": {
    "/": {
      "get": {
        "summary": "Get list of all documents",
        "description": "Get list of documents",
        "operationId": "getFiles",
        "produces": [
          "application/json"
        ],
        "x-ntx-host": "www.googleapis.com",
        "x-ntx-basePath": "/drive/v3/files",
        "x-ntx-visibility": "internal",
        "parameters": [
          {
            "name": "q",
            "in": "query",
            "x-ntx-summary": "Source file type",
            "required": true,
            "type": "string",
            "default": "mimeType='application/vnd.google-apps.spreadsheet'",
            "enum": [
              "mimeType='application/vnd.google-apps.document'",
              "mimeType='application/vnd.google-apps.spreadsheet'"
            ],
            "description": "Select the appropriate file type for source document. Google Doc = application/vnd.google-apps.document; Google Sheet = application/vnd.google-apps.spreadsheet"
          }
        ],
        "responses": {
          "200": {
            "description": "OK",
            "schema": {
              "$ref": "#/definitions/ReturnedSheets"
            }
          }
        },
        "security": [
          {
            "oauth2": [
              "https://www.googleapis.com/auth/drive.readonly"
            ]
          }
        ]
      }
    },
    "/{fileId}/export": {
      "get": {
        "summary": "Export File",
        "description": "Export File",
        "operationId": "exportSheets",
        "produces": [
          "application/vnd.openxmlformats-officedocument.spreadsheetml.sheet"
        ],
        "x-ntx-host": "www.googleapis.com",
        "x-ntx-basePath": "/drive/v3/files/",
        "parameters": [
          {
            "name": "fileId",
            "x-ntx-summary": "File",
            "in": "path",
            "required": true,
            "type": "string",
            "x-ntx-dynamic-values": {
              "operationId": "getFiles",
              "value-collection": "files",
              "value-path": "id",
              "value-title": "name"
            }
          },
          {
            "name": "mimeType",
            "in": "query",
            "required": true,
            "x-ntx-summary": "Output File Type",
            "type": "string",
            "default": "application/vnd.openxmlformats-officedocument.spreadsheetml.sheet",
            "enum": [
              "text/csv",
              "application/pdf",
              "application/vnd.openxmlformats-officedocument.spreadsheetml.sheet",
              "application/vnd.openxmlformats-officedocument.wordprocessingml.document",
              "application/vnd.google-apps.spreadsheet",
              "application/vnd.google-apps.document"
            ],
            "description": "Select the appropriate file type. CSV = text/csv; PDF = application/pdf; XLSX = application/vnd.openxmlformats-officedocument.spreadsheetml.sheet; DOCX = application/vnd.openxmlformats-officedocument.wordprocessingml.document; Google Sheets = application/vnd.google-apps.spreadsheet; Google Docs = application/vnd.google-apps.document"
          }
        ],
        "responses": {
          "200": {
            "description": "OK",
            "schema": {
              "type": "file"
            }
          }
        },
        "security": [
          {
            "oauth2": [
              "https://www.googleapis.com/auth/drive.readonly"
            ]
          }
        ]
      }
    }
  },
  "securityDefinitions": {
    "oauth2": {
      "type": "oauth2",
      "authorizationUrl": "https://accounts.google.com/o/oauth2/v2/auth",
      "tokenUrl": "https://oauth2.googleapis.com/token",
      "flow": "accessCode",
      "scopes": {
        "https://www.googleapis.com/auth/drive.readonly": "access to read users files"
      }
    }
  },
  "definitions": {
    "ReturnedSheets": {
      "type": "object",
      "properties": {
        "files": {
          "type": "array",
          "items": {
            "type": "object",
            "properties": {
              "kind": {
                "type": "string"
              },
              "id": {
                "type": "string"
              },
              "name": {
                "type": "string"
              },
              "mime-type": {
                "type": "string"
              }
            }
          }
        }
      }
    }
  }
}