{
  "swagger": "2.0",
  "info": {
    "description": "Generate Random Numbers",
    "version": "1.0.0",
    "title": "Random Number Generator"
  },
  "host": "example.azurewebsites.net",
  "x-ntx-host": "{{subdomain}}.azurewebsites.net",
  "basePath": "/api",
  "schemes": [
    "https"
  ],
  "security": [
    {
      "basic": []
    }
  ],
  "securityDefinitions": {
    "basic": {
      "type": "basic",
      "x-ntx-connection-properties": {
        "type": "object",
        "properties": {
          "subdomain": {
            "type": "string",
            "title": "Subdomain",
            "description": "Your Azure tenant name"
          }
        },
        "required": [
          "subdomain"
        ]
      }
    }
  },
  "paths": {
    "/httpTriggerJS1": {
      "post": {
        "x-ntx-summary": "Random Number Generator",
        "description": "",
        "operationId": "randomNum",
        "consumes": [
          "application/json"
        ],
        "produces": [
          "application/json"
        ],
        "parameters": [
          {
            "in": "body",
            "name": "body",
            "description": "",
            "required": true,
            "schema": {
              "$ref": "#/definitions/req"
            }
          }
        ],
        "responses": {
          "200": {
            "description": "Hooray!",
            "schema": {
              "type": "string"
            }
          },
          "405": {
            "description": "Invalid input"
          }
        }
      }
    }
  },
  "definitions": {
    "req": {
      "type": "object",
      "properties": {
        "min": {
          "type": "integer"
        },
        "max": {
          "type": "integer"
        }
      }
    }
  }
}