{
  "swagger": "2.0",
  "info": {
    "description": "Google Translate",
    "version": "1.0",
    "title": "Google Translate"
  },
  "x-ntx-render-version": 2,
  "host": "translation.googleapis.com",
  "basePath": "/language/translate",
  "schemes": [
    "https"
  ],
  "produces": [
    "application/json"
  ],
  "paths": {
    "/v2": {
      "post": {
        "summary": "Translate Text",
        "description": "Translate Text",
        "parameters": [
          {
            "in": "body",
            "name": "body",
            "x-ntx-summary": "",
            "schema": {
              "$ref": "#/definitions/TextToTranslate"
            }
          }
        ],
        "responses": {
          "200": {
            "description": "OK",
            "schema": {
              "$ref": "#/definitions/TranslatedText"
            }
          }
        },
        "security": [
          {
            "oauth2": [
              "https://www.googleapis.com/auth/cloud-translation"
            ]
          }
        ]
      }
    }
  },
  "securityDefinitions": {
    "oauth2": {
      "type": "oauth2",
      "authorizationUrl": "https://accounts.google.com/o/oauth2/v2/auth",
      "tokenUrl": "https://oauth2.googleapis.com/token",
      "flow": "accessCode",
      "scopes": {
        "https://www.googleapis.com/auth/cloud-translation": "Access to Translate API"
      }
    }
  },
  "definitions": {
    "TextToTranslate": {
      "type": "object",
      "additionalProperties": false,
      "properties": {
        "q": {
          "type": "array",
          "x-ntx-summary": "Text to Translate",
          "items": {
            "type": "string"
          }
        },
        "target": {
          "type": "string",
          "x-ntx-summary": "Target Language",
          "description": "Provide the Language code you would like to translate to. For example set es for spanish or en for english.",
          "default": "en"
        }
      }
    },
    "TranslatedText": {
      "type": "object",
      "properties": {
        "data": {
          "type": "object",
          "properties": {
            "translations": {
              "type": "array",
              "items": {
                "type": "object",
                "properties": {
                  "translatedText": {
                    "type": "string"
                  },
                  "detectedSourceLanguage": {
                    "type": "string"
                  }
                }
              }
            }
          }
        }
      }
    }
  }
}