{
  "swagger": "2.0",
  "info": {
    "title": "Azure Sentiment",
    "description": "The API returns a numeric score between 0 and 1.",
    "version": "1.0.0"
  },
  "schemes": [
    "https"
  ],
  "basePath": "/api",
  "host": "ntxfucntions.azurewebsites.net",
  "paths": {
    "/SentAnalysis": {
      "post": {
        "summary": "Get the sentiment score",
        "description": "Get the sentiment score",
        "operationId": "sentimentf0b4dec7-5c4c-4429-b5e1-4b4331e84a73",
        "consumes": [
          "application/json"
        ],
        "produces": [
          "application/json"
        ],
        "parameters": [
          {
            "name": "Input",
            "required": true,
            "in": "body",
            "schema": {
              "type": "object",
              "properties": {
                "text": {
                  "type": "string"
                }
              }
            }
          }
        ],
        "responses": {
          "200": {
            "description": "OK",
            "schema": {
              "type": "object",
              "properties": {
                "score": {
                  "type": "number"
                },
                "id": {
                  "type": "string"
                }
              }
            }
          },
          "default": {
            "description": "Unexpected Error"
          }
        }
      }
    }
  }
}