{
  "swagger": "2.0",
  "info": {
    "description": "OpenWeather Current Weather APIs",
    "version": "1.0.0",
    "title": "OpenWeather Current Weather",
    "contact": {
      "email": "vadim.tabakman@nintex.com"
    }
  },
  "host": "api.openweathermap.org",
  "basePath": "/data/2.5",
  "schemes": [
    "https"
  ],
  "produces": [
    "application/json"
  ],
  "paths": {
    "/weather": {
      "get": {
        "summary": "By city name, id, zipcode or coordinates",
        "description": "Access current weather",
        "operationId": "openweather_weather",
        "parameters": [
          {
            "in": "query",
            "name": "q",
            "x-ntx-summary": "City",
            "description": "City or City,CountryCode",
            "type": "string",
            "required": false
          },
          {
            "in": "query",
            "name": "id",
            "x-ntx-summary": "City ID",
            "description": "City ID (these can be found here - http://bulk.openweathermap.org/sample/)",
            "type": "string",
            "required": false
          },
          {
            "in": "query",
            "name": "lat",
            "x-ntx-summary": "Latitude",
            "description": "Latitude",
            "type": "number",
            "required": false
          },
          {
            "in": "query",
            "name": "lon",
            "x-ntx-summary": "Longitude",
            "description": "Longitude",
            "type": "number",
            "required": false
          },
          {
            "in": "query",
            "name": "zip",
            "x-ntx-summary": "Zipcode",
            "description": "zipcode or zipcode,countrycode (eg, 94040,us)",
            "type": "string",
            "required": false
          }
        ],
        "responses": {
          "200": {
            "description": "successful operation",
            "schema": {
              "type": "object",
              "x-ntx-summary": "Result"
            }
          },
          "400": {
            "description": "Invalid status value"
          }
        },
        "security": [
          {
            "openweather_api_key": []
          }
        ]
      }
    },
    "/box/city": {
      "get": {
        "summary": "Cities within a rectangle zone",
        "description": "data from cities within the defined rectangle specified by the geographic coordinates. (There is a limit of 25 square degrees for Free and Startup plans.)",
        "operationId": "openweather_cities_within_rectangle_zone",
        "parameters": [
          {
            "in": "query",
            "name": "bbox",
            "x-ntx-summary": "Bounding Box",
            "description": "left-longitue,bottom-latitide,right-longitude,top-latitide,zoom",
            "type": "string",
            "required": false
          },
          {
            "in": "query",
            "name": "cluster",
            "x-ntx-summary": "Cluster",
            "description": "use server clustering of points. Possible values are [yes, no]",
            "type": "string",
            "required": false
          },
          {
            "in": "query",
            "name": "lang",
            "x-ntx-summary": "Language",
            "description": "eg. ru, en....",
            "type": "number",
            "required": false
          }
        ],
        "responses": {
          "200": {
            "description": "successful operation",
            "schema": {
              "type": "object",
              "x-ntx-summary": "Result"
            }
          },
          "400": {
            "description": "Invalid status value"
          }
        },
        "security": [
          {
            "openweather_api_key": []
          }
        ]
      }
    },
    "/group": {
      "get": {
        "summary": "Call for several city IDs",
        "description": "The limit of locations is 20.",
        "operationId": "openweather_several_city_ids",
        "parameters": [
          {
            "in": "query",
            "name": "id",
            "x-ntx-summary": "City IDs",
            "description": "eg. 524901,703448,2643743 (these can be found here - http://bulk.openweathermap.org/sample/)",
            "type": "string",
            "required": false
          },
          {
            "in": "query",
            "name": "units",
            "x-ntx-summary": "Units",
            "description": "eg. metric or imperial (kelvin by default)",
            "type": "string",
            "required": false
          }
        ],
        "responses": {
          "200": {
            "description": "successful operation",
            "schema": {
              "type": "object",
              "x-ntx-summary": "Result"
            }
          },
          "400": {
            "description": "Invalid status value"
          }
        },
        "security": [
          {
            "openweather_api_key": []
          }
        ]
      }
    }
  },
  "definitions": {
    "by_city_name_result": {
      "properties": {
        "coord": {
          "$ref": "#/definitions/coord_def"
        },
        "weather": {
          "$ref": "#/definitions/weather_def"
        },
        "base": {
          "type": "string"
        },
        "main": {
          "$ref": "#/definitions/main_def"
        },
        "visibility": {
          "type": "number"
        },
        "wind": {
          "$ref": "#/definitions/wind_def"
        },
        "clouds": {
          "$ref": "#/definitions/clouds_def"
        },
        "dt": {
          "type": "number"
        },
        "sys": {
          "$ref": "#/definitions/sys_def"
        },
        "id": {
          "type": "number"
        },
        "name": {
          "type": "string"
        },
        "cod": {
          "type": "number"
        }
      }
    },
    "coord_def": {
      "properties": {
        "lon": {
          "type": "number"
        },
        "lat": {
          "type": "number"
        }
      }
    },
    "weather_def": {
      "properties": {
        "weather": {
          "type": "array"
        }
      }
    },
    "main_def": {
      "properties": {
        "temp": {
          "type": "number"
        },
        "pressure": {
          "type": "number"
        },
        "humidity": {
          "type": "number"
        },
        "temp_min": {
          "type": "number"
        },
        "temp_max": {
          "type": "number"
        }
      }
    },
    "wind_def": {
      "properties": {
        "speed": {
          "type": "number"
        },
        "deg": {
          "type": "number"
        }
      }
    },
    "clouds_def": {
      "properties": {
        "all": {
          "type": "number"
        }
      }
    },
    "sys_def": {
      "properties": {
        "type": {
          "type": "number"
        },
        "id": {
          "type": "number"
        },
        "message": {
          "type": "number"
        },
        "country": {
          "type": "string"
        },
        "sunrise": {
          "type": "number"
        },
        "sunset": {
          "type": "number"
        }
      }
    }
  },
  "securityDefinitions": {
    "openweather_api_key": {
      "type": "apiKey",
      "in": "query",
      "name": "APPID"
    }
  },
  "externalDocs": {
    "description": "Find out more about Swagger",
    "url": "http://swagger.io"
  }
}