{
  "swagger": "2.0",
  "info": {
    "description": "QR Code Generator",
    "version": "1.0.0",
    "title": "QR Code Generator"
  },
  "host": "api.qrserver.com",
  "basePath": "/v1",
  "x-ntx-render-version": 2,
  "schemes": [
    "https"
  ],
  "consumes": [
    "application/json"
  ],
  "paths": {
    "/create-qr-code/": {
      "get": {
        "description": "Generate QR Code",
        "x-ntx-summary": "Generate QR Code",
        "parameters": [
          {
            "name": "data",
            "in": "query",
            "description": "URL Encoded String",
            "type": "string",
            "required": true,
            "x-ntx-summary": "Data to Encode"
          },
          {
            "name": "size",
            "in": "query",
            "description": "Image Dimensions in Pixels",
            "required": true,
            "type": "string",
            "default": "200x200",
            "x-ntx-summary": "Image Dimensions"
          }
        ],
        "responses": {
          "200": {
            "description": "Ok",
            "schema": {
              "type": "file"
            }
          },
          "400": {
            "description": "Failed"
          }
        }
      }
    }
  }
}